{
    "target_url": "https://www.underlabz.com.br",
    "timestamp": "2025-07-27T01:13:47.016112",
    "defesas_detectadas": [
        {
            "nome": "Cloudflare WAF",
            "tipo": "Cloudflare",
            "evidencia": "Header encontrado: cf-ray",
            "confianca": 0.95,
            "detalhes": {},
            "timestamp": "2025-07-27T01:13:16.320996"
        },
        {
            "nome": "CAPTCHA",
            "tipo": "CAPTCHA",
            "evidencia": "Indicador encontrado: recaptcha",
            "confianca": 0.8,
            "detalhes": {},
            "timestamp": "2025-07-27T01:13:36.565789"
        }
    ],
    "total_defesas": 2,
    "nivel_protecao": "MÉDIO",
    "recomendacoes_bypass": [
        "Usar automação com resolução de CAPTCHA",
        "Focar em endpoints que não requerem CAPTCHA",
        "Tentar bypass via subdominios não protegidos",
        "Usar rotação de User-Agents e IPs para bypass do Cloudflare"
    ]
}