{
    "target_url": "https://www.underlabz.com.br",
    "timestamp": "2025-07-27T01:03:46.471154",
    "headers_raw": {
        "Date": "Sun, 27 Jul 2025 04:03:43 GMT",
        "Content-Type": "text/html; charset=utf-8",
        "Transfer-Encoding": "chunked",
        "Connection": "keep-alive",
        "x-sorting-hat-podid": "244",
        "x-sorting-hat-shopid": "67076129013",
        "x-storefront-renderer-rendered": "1",
        "etag": "W/\"cacheable:a446c3600ea9b0ffc2c123f44df9333a\"",
        "link": "<https://cdn.shopify.com>; rel=\"preconnect\", <https://cdn.shopify.com>; rel=\"preconnect\"; crossorigin, <//underlabz.com.br/cdn/shop/t/6/assets/gp-global.css?v=154233434707025980641744481353>; as=\"style\"; rel=\"preload\"",
        "set-cookie": "localization=BR; path=/; expires=Mon, 27 Jul 2026 04:03:43 GMT, cart_currency=; path=/; expires=Thu, 01 Jan 1970 00:00:00 GMT, _shopify_y=c9622e57-1484-45c6-ad42-49795f46bf0c; domain=underlabz.com.br; path=/; expires=Mon, 27 Jul 2026 10:03:43 GMT; SameSite=Lax, _shopify_s=6e45f659-33f3-4173-823e-ad9df065cf5c; domain=underlabz.com.br; path=/; expires=Sun, 27 Jul 2025 04:33:43 GMT; SameSite=Lax, _tracking_consent=3.AMPS_BRSP_f_f_8QwdcYJPRFyPpuEBmcOQew; domain=underlabz.com.br; path=/; expires=Mon, 27 Jul 2026 04:03:43 GMT; SameSite=Lax, _orig_referrer=; domain=underlabz.com.br; path=/; expires=Sun, 10 Aug 2025 04:03:43 GMT; HttpOnly; SameSite=Lax, _landing_page=%2F; domain=underlabz.com.br; path=/; expires=Sun, 10 Aug 2025 04:03:43 GMT; HttpOnly; SameSite=Lax, _shopify_essential=:AZhKDQE_AAEAg99Y6oDuKRj4zTcgiHavFYtYBRRO0UwlRFS1p2WvmMrS6QgJ8GmT3ZGMlB-WMwmlb_HvLOswrdaD1WhTIcqluA:; Max-Age=31536000; Path=/; HttpOnly; Secure; Priority=High; SameSite=Lax",
        "shopify-complexity-score": "160",
        "x-frame-options": "DENY",
        "content-security-policy": "block-all-mixed-content; frame-ancestors 'none'; upgrade-insecure-requests;",
        "strict-transport-security": "max-age=7889238",
        "x-shopid": "67076129013",
        "x-shardid": "244",
        "vary": "Accept, accept-encoding",
        "content-language": "pt-BR",
        "powered-by": "Shopify",
        "server-timing": "processing;dur=18;desc=\"gc:1\", db;dur=5, asn;desc=\"19182\", edge;desc=\"GRU\", country;desc=\"BR\", theme;desc=\"138819731701\", pageType;desc=\"index\", servedBy;desc=\"th5r\", requestID;desc=\"b53dc2b1-9518-48cc-9886-2e17776c10f7-1753589022\", _y;desc=\"c9622e57-1484-45c6-ad42-49795f46bf0c\", _s;desc=\"6e45f659-33f3-4173-823e-ad9df065cf5c\", cfRequestDuration;dur=192.000151",
        "x-dc": "gcp-us-east1,gcp-us-east1,gcp-us-east1",
        "x-request-id": "b53dc2b1-9518-48cc-9886-2e17776c10f7-1753589022",
        "Alt-Svc": "h3=\":443\"; ma=86400",
        "cf-cache-status": "DYNAMIC",
        "Report-To": "{\"endpoints\":[{\"url\":\"https:\\/\\/a.nel.cloudflare.com\\/report\\/v4?s=jUHPSPQTA8xUDzINj3L6sRwblZXJg4FXiIHzTSuLNHwWDHuoTJfCU21xykaKecHTqb9kQxR%2F4IGFeSdTpGST8xhuFnr7UI0g1PBDz39WnHdU6J5X%2FIioLuZrIzB6zk7Q85k%3D\"}],\"group\":\"cf-nel\",\"max_age\":604800}",
        "NEL": "{\"success_fraction\":0.01,\"report_to\":\"cf-nel\",\"max_age\":604800}",
        "X-XSS-Protection": "1; mode=block",
        "X-Content-Type-Options": "nosniff",
        "X-Permitted-Cross-Domain-Policies": "none",
        "X-Download-Options": "noopen",
        "Shopify-Edge-Ip": "23.227.38.69",
        "Server": "cloudflare",
        "CF-RAY": "96593fa158331acb-GRU",
        "Content-Encoding": "gzip"
    },
    "headers_seguranca": {
        "content-security-policy": {
            "presente": true,
            "valor": "block-all-mixed-content; frame-ancestors 'none'; upgrade-insecure-requests;",
            "nivel_seguranca": "alto"
        },
        "strict-transport-security": {
            "presente": true,
            "valor": "max-age=7889238",
            "max_age": 7889238
        },
        "x-frame-options": {
            "presente": true,
            "valor": "DENY",
            "protege_clickjacking": true
        },
        "x-content-type-options": {
            "presente": false,
            "valor": null,
            "protege_mime_sniffing": false
        },
        "x-xss-protection": {
            "presente": false,
            "valor": null,
            "ativo": false
        },
        "referrer-policy": {
            "presente": false,
            "valor": null
        }
    },
    "wafs_detectados": [
        "Cloudflare"
    ],
    "cookies": {
        "cookies_encontrados": [
            {
                "valor": "localization=BR; path=/; expires=Mon, 27 Jul 2026 04:03:43 GMT, cart_currency=; path=/; expires=Thu, 01 Jan 1970 00:00:00 GMT, _shopify_y=c9622e57-1484-45c6-ad42-49795f46bf0c; domain=underlabz.com.br; path=/; expires=Mon, 27 Jul 2026 10:03:43 GMT; SameSite=Lax, _shopify_s=6e45f659-33f3-4173-823e-ad9df065cf5c; domain=underlabz.com.br; path=/; expires=Sun, 27 Jul 2025 04:33:43 GMT; SameSite=Lax, _tracking_consent=3.AMPS_BRSP_f_f_8QwdcYJPRFyPpuEBmcOQew; domain=underlabz.com.br; path=/; expires=Mon, 27 Jul 2026 04:03:43 GMT; SameSite=Lax, _orig_referrer=; domain=underlabz.com.br; path=/; expires=Sun, 10 Aug 2025 04:03:43 GMT; HttpOnly; SameSite=Lax, _landing_page=%2F; domain=underlabz.com.br; path=/; expires=Sun, 10 Aug 2025 04:03:43 GMT; HttpOnly; SameSite=Lax, _shopify_essential=:AZhKDQE_AAEAg99Y6oDuKRj4zTcgiHavFYtYBRRO0UwlRFS1p2WvmMrS6QgJ8GmT3ZGMlB-WMwmlb_HvLOswrdaD1WhTIcqluA:; Max-Age=31536000; Path=/; HttpOnly; Secure; Priority=High; SameSite=Lax",
                "secure": true,
                "httponly": true,
                "samesite": "lax, _shopify_s=6e45f659-33f3-4173-823e-ad9df065cf5c"
            }
        ],
        "problemas_seguranca": []
    },
    "metodos_http": [
        {
            "metodo": "GET",
            "status_code": 200,
            "permitido": true
        },
        {
            "metodo": "POST",
            "status_code": 404,
            "permitido": true
        },
        {
            "metodo": "PUT",
            "status_code": 404,
            "permitido": true
        },
        {
            "metodo": "DELETE",
            "status_code": 404,
            "permitido": true
        },
        {
            "metodo": "PATCH",
            "status_code": 404,
            "permitido": true
        },
        {
            "metodo": "HEAD",
            "status_code": 200,
            "permitido": true
        },
        {
            "metodo": "OPTIONS",
            "status_code": 404,
            "permitido": true
        },
        {
            "metodo": "TRACE",
            "status_code": 405,
            "permitido": false
        }
    ],
    "score_seguranca": {
        "score": 3,
        "max_score": 6,
        "percentual": 50.0,
        "nivel": "Médio"
    },
    "resumo": {
        "total_headers": 34,
        "tem_waf": true,
        "nivel_seguranca": "Médio",
        "metodos_perigosos": [
            "PUT",
            "DELETE"
        ]
    }
}