{
    "target_url": "https://www.underlabz.com.br",
    "timestamp": "2025-07-27T01:13:47.048682",
    "padroes_identificados": {
        "vulnerabilidades_comuns": [],
        "payloads_efetivos": [],
        "defesas_ativas": [
            {
                "tipo": "CAPTCHA",
                "frequencia": 1
            },
            {
                "tipo": "Cloudflare WAF",
                "frequencia": 1
            }
        ]
    },
    "recomendacoes": {
        "payloads_recomendados": {},
        "areas_foco": [],
        "estrategias_bypass": [],
        "vulnerabilidades_recorrentes": []
    },
    "historico_vulnerabilidades": [],
    "historico_defesas": [
        {
            "tipo": "Cloudflare WAF",
            "nome": "Cloudflare",
            "confianca": 0.95,
            "primeira_deteccao": "2025-07-27 04:13:47",
            "ultima_deteccao": "2025-07-27 04:13:47",
            "ativo": true
        },
        {
            "tipo": "CAPTCHA",
            "nome": "CAPTCHA",
            "confianca": 0.8,
            "primeira_deteccao": "2025-07-27 04:13:47",
            "ultima_deteccao": "2025-07-27 04:13:47",
            "ativo": true
        }
    ],
    "estatisticas_gerais": {
        "total_targets": 1,
        "total_vulnerabilities": 0,
        "vulnerabilities_by_severity": {},
        "top_payload_types": [],
        "common_defenses": [
            {
                "tipo": "Cloudflare WAF",
                "frequencia": 1
            },
            {
                "tipo": "CAPTCHA",
                "frequencia": 1
            }
        ]
    },
    "resumo": {
        "total_vulnerabilidades_historicas": 0,
        "total_defesas_ativas": 2,
        "tipos_payload_efetivos": 0,
        "areas_foco_identificadas": 0
    }
}