{
    "target_url": "https://www.underlabz.com.br",
    "timestamp": "2025-07-27T01:03:47.034245",
    "title": "Under Labz | Loja Oficial",
    "metas": {
        "charset": "utf-8",
        "http-equiv-X-UA-Compatible": "IE=edge",
        "viewport": "width=device-width,initial-scale=1",
        "theme-color": "",
        "og:site_name": "Loja Oficial Under Labz",
        "og:url": "https://underlabz.com.br/",
        "og:title": "Under Labz | Loja Oficial",
        "og:type": "website",
        "og:description": "Loja Oficial Under Labz",
        "og:image": "http://underlabz.com.br/cdn/shop/files/logo-UNDERTIPOGRAFIA_2.png?v=1703772824",
        "og:image:secure_url": "https://underlabz.com.br/cdn/shop/files/logo-UNDERTIPOGRAFIA_2.png?v=1703772824",
        "og:image:width": "1200",
        "og:image:height": "628",
        "twitter:card": "summary_large_image",
        "twitter:title": "Under Labz | Loja Oficial",
        "twitter:description": "Loja Oficial Under Labz",
        "facebook-domain-verification": "5118n32kbfut01liz6q9czi1rcmn3h",
        "google-site-verification": "hc8HBYvxhfuQUHOT62ESmcpZSzWs9uZjqWW8chbK3Xo",
        "shopify-digital-wallet": "/67076129013/digital_wallets/dialog",
        "norton-safeweb-site-verification": "5RDOG2OTAM1L8V8ZYH4-LMFTVCJNEPYJ57KQNDR07S3679ER50NFLPNSQVVBS0XSI0CQ9EY9ANZBPUZU1FHDRQZV-S1R2Z3T-RMXUPZU4-JL4ZVJ2P2O6O9YAE-I87N9"
    },
    "formularios": [
        {
            "action": "/search?",
            "method": "GET",
            "enctype": "application/x-www-form-urlencoded",
            "campos": [
                {
                    "tag": "input",
                    "type": "search",
                    "name": "q",
                    "id": "",
                    "value": "",
                    "placeholder": " ",
                    "required": false,
                    "maxlength": "",
                    "pattern": ""
                },
                {
                    "tag": "input",
                    "type": "hidden",
                    "name": "options[prefix]",
                    "id": "",
                    "value": "last",
                    "placeholder": "",
                    "required": false,
                    "maxlength": "",
                    "pattern": ""
                }
            ],
            "url_completa": "https://www.underlabz.com.br/search"
        },
        {
            "action": "/cart/add",
            "method": "POST",
            "enctype": "multipart/form-data",
            "campos": [
                {
                    "tag": "input",
                    "type": "hidden",
                    "name": "form_type",
                    "id": "",
                    "value": "product",
                    "placeholder": "",
                    "required": false,
                    "maxlength": "",
                    "pattern": ""
                },
                {
                    "tag": "input",
                    "type": "hidden",
                    "name": "utf8",
                    "id": "",
                    "value": "✓",
                    "placeholder": "",
                    "required": false,
                    "maxlength": "",
                    "pattern": ""
                },
                {
                    "tag": "input",
                    "type": "hidden",
                    "name": "id",
                    "id": "",
                    "value": "44887385637109",
                    "placeholder": "",
                    "required": false,
                    "maxlength": "",
                    "pattern": ""
                },
                {
                    "tag": "input",
                    "type": "hidden",
                    "name": "quantity",
                    "id": "",
                    "value": "",
                    "placeholder": "",
                    "required": false,
                    "maxlength": "",
                    "pattern": ""
                },
                {
                    "tag": "input",
                    "type": "hidden",
                    "name": "product-id",
                    "id": "",
                    "value": "8355577299189",
                    "placeholder": "",
                    "required": false,
                    "maxlength": "",
                    "pattern": ""
                },
                {
                    "tag": "input",
                    "type": "hidden",
                    "name": "section-id",
                    "id": "",
                    "value": "template--17182886494453__gp_global_section_530956833603454068_rQrwg6",
                    "placeholder": "",
                    "required": false,
                    "maxlength": "",
                    "pattern": ""
                }
            ],
            "url_completa": "https://www.underlabz.com.br/cart/add"
        },
        {
            "action": "/cart/add",
            "method": "POST",
            "enctype": "multipart/form-data",
            "campos": [
                {
                    "tag": "input",
                    "type": "hidden",
                    "name": "form_type",
                    "id": "",
                    "value": "product",
                    "placeholder": "",
                    "required": false,
                    "maxlength": "",
                    "pattern": ""
                },
                {
                    "tag": "input",
                    "type": "hidden",
                    "name": "utf8",
                    "id": "",
                    "value": "✓",
                    "placeholder": "",
                    "required": false,
                    "maxlength": "",
                    "pattern": ""
                },
                {
                    "tag": "input",
                    "type": "hidden",
                    "name": "id",
                    "id": "",
                    "value": "44887304536309",
                    "placeholder": "",
                    "required": false,
                    "maxlength": "",
                    "pattern": ""
                },
                {
                    "tag": "input",
                    "type": "hidden",
                    "name": "quantity",
                    "id": "",
                    "value": "",
                    "placeholder": "",
                    "required": false,
                    "maxlength": "",
                    "pattern": ""
                },
                {
                    "tag": "input",
                    "type": "hidden",
                    "name": "product-id",
                    "id": "",
                    "value": "8355555737845",
                    "placeholder": "",
                    "required": false,
                    "maxlength": "",
                    "pattern": ""
                },
                {
                    "tag": "input",
                    "type": "hidden",
                    "name": "section-id",
                    "id": "",
                    "value": "template--17182886494453__gp_global_section_530956833603454068_rQrwg6",
                    "placeholder": "",
                    "required": false,
                    "maxlength": "",
                    "pattern": ""
                }
            ],
            "url_completa": "https://www.underlabz.com.br/cart/add"
        },
        {
            "action": "/cart/add",
            "method": "POST",
            "enctype": "multipart/form-data",
            "campos": [
                {
                    "tag": "input",
                    "type": "hidden",
                    "name": "form_type",
                    "id": "",
                    "value": "product",
                    "placeholder": "",
                    "required": false,
                    "maxlength": "",
                    "pattern": ""
                },
                {
                    "tag": "input",
                    "type": "hidden",
                    "name": "utf8",
                    "id": "",
                    "value": "✓",
                    "placeholder": "",
                    "required": false,
                    "maxlength": "",
                    "pattern": ""
                },
                {
                    "tag": "input",
                    "type": "hidden",
                    "name": "id",
                    "id": "",
                    "value": "44887304536309",
                    "placeholder": "",
                    "required": false,
                    "maxlength": "",
                    "pattern": ""
                },
                {
                    "tag": "input",
                    "type": "hidden",
                    "name": "quantity",
                    "id": "",
                    "value": "",
                    "placeholder": "",
                    "required": false,
                    "maxlength": "",
                    "pattern": ""
                },
                {
                    "tag": "input",
                    "type": "hidden",
                    "name": "product-id",
                    "id": "",
                    "value": "8355555737845",
                    "placeholder": "",
                    "required": false,
                    "maxlength": "",
                    "pattern": ""
                },
                {
                    "tag": "input",
                    "type": "hidden",
                    "name": "section-id",
                    "id": "",
                    "value": "template--17182886494453__gp_global_section_530956833603454068_rQrwg6",
                    "placeholder": "",
                    "required": false,
                    "maxlength": "",
                    "pattern": ""
                }
            ],
            "url_completa": "https://www.underlabz.com.br/cart/add"
        },
        {
            "action": "/cart/add",
            "method": "POST",
            "enctype": "multipart/form-data",
            "campos": [
                {
                    "tag": "input",
                    "type": "hidden",
                    "name": "form_type",
                    "id": "",
                    "value": "product",
                    "placeholder": "",
                    "required": false,
                    "maxlength": "",
                    "pattern": ""
                },
                {
                    "tag": "input",
                    "type": "hidden",
                    "name": "utf8",
                    "id": "",
                    "value": "✓",
                    "placeholder": "",
                    "required": false,
                    "maxlength": "",
                    "pattern": ""
                },
                {
                    "tag": "input",
                    "type": "hidden",
                    "name": "id",
                    "id": "",
                    "value": "44887304536309",
                    "placeholder": "",
                    "required": false,
                    "maxlength": "",
                    "pattern": ""
                },
                {
                    "tag": "input",
                    "type": "hidden",
                    "name": "quantity",
                    "id": "",
                    "value": "",
                    "placeholder": "",
                    "required": false,
                    "maxlength": "",
                    "pattern": ""
                },
                {
                    "tag": "input",
                    "type": "hidden",
                    "name": "product-id",
                    "id": "",
                    "value": "8355555737845",
                    "placeholder": "",
                    "required": false,
                    "maxlength": "",
                    "pattern": ""
                },
                {
                    "tag": "input",
                    "type": "hidden",
                    "name": "section-id",
                    "id": "",
                    "value": "template--17182886494453__gp_global_section_530956833603454068_rQrwg6",
                    "placeholder": "",
                    "required": false,
                    "maxlength": "",
                    "pattern": ""
                }
            ],
            "url_completa": "https://www.underlabz.com.br/cart/add"
        },
        {
            "action": "/cart/add",
            "method": "POST",
            "enctype": "multipart/form-data",
            "campos": [
                {
                    "tag": "input",
                    "type": "hidden",
                    "name": "form_type",
                    "id": "",
                    "value": "product",
                    "placeholder": "",
                    "required": false,
                    "maxlength": "",
                    "pattern": ""
                },
                {
                    "tag": "input",
                    "type": "hidden",
                    "name": "utf8",
                    "id": "",
                    "value": "✓",
                    "placeholder": "",
                    "required": false,
                    "maxlength": "",
                    "pattern": ""
                },
                {
                    "tag": "input",
                    "type": "hidden",
                    "name": "id",
                    "id": "",
                    "value": "45150009524469",
                    "placeholder": "",
                    "required": false,
                    "maxlength": "",
                    "pattern": ""
                },
                {
                    "tag": "input",
                    "type": "hidden",
                    "name": "quantity",
                    "id": "",
                    "value": "",
                    "placeholder": "",
                    "required": false,
                    "maxlength": "",
                    "pattern": ""
                },
                {
                    "tag": "input",
                    "type": "hidden",
                    "name": "product-id",
                    "id": "",
                    "value": "8445110321397",
                    "placeholder": "",
                    "required": false,
                    "maxlength": "",
                    "pattern": ""
                },
                {
                    "tag": "input",
                    "type": "hidden",
                    "name": "section-id",
                    "id": "",
                    "value": "template--17182886494453__gp_global_section_530956833603454068_rQrwg6",
                    "placeholder": "",
                    "required": false,
                    "maxlength": "",
                    "pattern": ""
                }
            ],
            "url_completa": "https://www.underlabz.com.br/cart/add"
        },
        {
            "action": "/cart/add",
            "method": "POST",
            "enctype": "multipart/form-data",
            "campos": [
                {
                    "tag": "input",
                    "type": "hidden",
                    "name": "form_type",
                    "id": "",
                    "value": "product",
                    "placeholder": "",
                    "required": false,
                    "maxlength": "",
                    "pattern": ""
                },
                {
                    "tag": "input",
                    "type": "hidden",
                    "name": "utf8",
                    "id": "",
                    "value": "✓",
                    "placeholder": "",
                    "required": false,
                    "maxlength": "",
                    "pattern": ""
                },
                {
                    "tag": "input",
                    "type": "hidden",
                    "name": "id",
                    "id": "",
                    "value": "45552786866421",
                    "placeholder": "",
                    "required": false,
                    "maxlength": "",
                    "pattern": ""
                },
                {
                    "tag": "input",
                    "type": "hidden",
                    "name": "quantity",
                    "id": "",
                    "value": "",
                    "placeholder": "",
                    "required": false,
                    "maxlength": "",
                    "pattern": ""
                },
                {
                    "tag": "input",
                    "type": "hidden",
                    "name": "product-id",
                    "id": "",
                    "value": "8688103227637",
                    "placeholder": "",
                    "required": false,
                    "maxlength": "",
                    "pattern": ""
                },
                {
                    "tag": "input",
                    "type": "hidden",
                    "name": "section-id",
                    "id": "",
                    "value": "template--17182886494453__gp_global_section_530956833603454068_rQrwg6",
                    "placeholder": "",
                    "required": false,
                    "maxlength": "",
                    "pattern": ""
                }
            ],
            "url_completa": "https://www.underlabz.com.br/cart/add"
        },
        {
            "action": "/contact#contact_form",
            "method": "POST",
            "enctype": "application/x-www-form-urlencoded",
            "campos": [
                {
                    "tag": "input",
                    "type": "hidden",
                    "name": "form_type",
                    "id": "",
                    "value": "customer",
                    "placeholder": "",
                    "required": false,
                    "maxlength": "",
                    "pattern": ""
                },
                {
                    "tag": "input",
                    "type": "hidden",
                    "name": "utf8",
                    "id": "",
                    "value": "✓",
                    "placeholder": "",
                    "required": false,
                    "maxlength": "",
                    "pattern": ""
                },
                {
                    "tag": "input",
                    "type": "hidden",
                    "name": "contact[tags]",
                    "id": "",
                    "value": "newsletter",
                    "placeholder": "",
                    "required": false,
                    "maxlength": "",
                    "pattern": ""
                },
                {
                    "tag": "input",
                    "type": "name",
                    "name": "contact[name]",
                    "id": "NewsletterForm--sections--17182886723829__footer-name",
                    "value": "",
                    "placeholder": " ",
                    "required": true,
                    "maxlength": "",
                    "pattern": ""
                },
                {
                    "tag": "input",
                    "type": "email",
                    "name": "contact[email]",
                    "id": "NewsletterForm--sections--17182886723829__footer",
                    "value": "",
                    "placeholder": " ",
                    "required": true,
                    "maxlength": "",
                    "pattern": "[a-z0-9._%+\\-]+@[a-z0-9.\\-]+\\.[a-z]{2,}$"
                }
            ],
            "url_completa": "https://www.underlabz.com.br/contact#contact_form"
        },
        {
            "action": "/search",
            "method": "GET",
            "enctype": "application/x-www-form-urlencoded",
            "campos": [
                {
                    "tag": "input",
                    "type": "search",
                    "name": "q",
                    "id": "Search-In-Modal",
                    "value": "",
                    "placeholder": " ",
                    "required": false,
                    "maxlength": "",
                    "pattern": ""
                },
                {
                    "tag": "input",
                    "type": "hidden",
                    "name": "options[prefix]",
                    "id": "",
                    "value": "last",
                    "placeholder": "",
                    "required": false,
                    "maxlength": "",
                    "pattern": ""
                }
            ],
            "url_completa": "https://www.underlabz.com.br/search"
        }
    ],
    "links": {
        "total": 182,
        "internos": 163,
        "externos": 19,
        "lista": [
            {
                "href": "#MainContent",
                "url_completa": "https://www.underlabz.com.br#MainContent",
                "texto": "Navegar para o conteúdo",
                "title": "",
                "target": "",
                "rel": [],
                "tipo": "interno"
            },
            {
                "href": "/collections/mais-vendidos",
                "url_completa": "https://www.underlabz.com.br/collections/mais-vendidos",
                "texto": "TOP 10",
                "title": "",
                "target": "",
                "rel": [],
                "tipo": "interno"
            },
            {
                "href": "/collections/linha-crush",
                "url_completa": "https://www.underlabz.com.br/collections/linha-crush",
                "texto": "LINHA CRUSH",
                "title": "",
                "target": "",
                "rel": [],
                "tipo": "interno"
            },
            {
                "href": "/collections/proteinas-ganho-massa-muscular",
                "url_completa": "https://www.underlabz.com.br/collections/proteinas-ganho-massa-muscular",
                "texto": "WHEY PROTEIN",
                "title": "",
                "target": "",
                "rel": [],
                "tipo": "interno"
            },
            {
                "href": "/products/creatine-borntodisrupt-creatina-pura",
                "url_completa": "https://www.underlabz.com.br/products/creatine-borntodisrupt-creatina-pura",
                "texto": "CREATINA",
                "title": "",
                "target": "",
                "rel": [],
                "tipo": "interno"
            },
            {
                "href": "/collections/pre-treinos-energia",
                "url_completa": "https://www.underlabz.com.br/collections/pre-treinos-energia",
                "texto": "PRÉ-TREINO",
                "title": "",
                "target": "",
                "rel": [],
                "tipo": "interno"
            },
            {
                "href": "/collections/termogenicos-queimar-gordura",
                "url_completa": "https://www.underlabz.com.br/collections/termogenicos-queimar-gordura",
                "texto": "TERMOGÊNICO",
                "title": "",
                "target": "",
                "rel": [],
                "tipo": "interno"
            },
            {
                "href": "/products/captain-gainer-3kg",
                "url_completa": "https://www.underlabz.com.br/products/captain-gainer-3kg",
                "texto": "HIPERCALÓRICO",
                "title": "",
                "target": "",
                "rel": [],
                "tipo": "interno"
            },
            {
                "href": "/collections/aminoacidos-energia-resistencia-treino",
                "url_completa": "https://www.underlabz.com.br/collections/aminoacidos-energia-resistencia-treino",
                "texto": "AMINOÁCIDOS",
                "title": "",
                "target": "",
                "rel": [],
                "tipo": "interno"
            },
            {
                "href": "/collections/acessorios-para-treino-academia",
                "url_completa": "https://www.underlabz.com.br/collections/acessorios-para-treino-academia",
                "texto": "ACESSÓRIOS",
                "title": "",
                "target": "",
                "rel": [],
                "tipo": "interno"
            },
            {
                "href": "/collections/roupas-treino-academia",
                "url_completa": "https://www.underlabz.com.br/collections/roupas-treino-academia",
                "texto": "ROUPAS",
                "title": "",
                "target": "",
                "rel": [],
                "tipo": "interno"
            },
            {
                "href": "/products/testo-cycle-120-capsulas",
                "url_completa": "https://www.underlabz.com.br/products/testo-cycle-120-capsulas",
                "texto": "PRO-HORMONAL",
                "title": "",
                "target": "",
                "rel": [],
                "tipo": "interno"
            },
            {
                "href": "/collections/snacks-lanche-doce-fitness",
                "url_completa": "https://www.underlabz.com.br/collections/snacks-lanche-doce-fitness",
                "texto": "SNACKS",
                "title": "",
                "target": "",
                "rel": [],
                "tipo": "interno"
            },
            {
                "href": "/collections/vitaminas-essenciais-para-saude",
                "url_completa": "https://www.underlabz.com.br/collections/vitaminas-essenciais-para-saude",
                "texto": "VITAMINAS",
                "title": "",
                "target": "",
                "rel": [],
                "tipo": "interno"
            },
            {
                "href": "https://cliente.underlabz.com?locale=pt-BR®ion_country=BR",
                "url_completa": "https://cliente.underlabz.com?locale=pt-BR®ion_country=BR",
                "texto": "Entrar",
                "title": "",
                "target": "",
                "rel": [],
                "tipo": "externo"
            },
            {
                "href": "https://cliente.underlabz.com?locale=pt-BR",
                "url_completa": "https://cliente.underlabz.com?locale=pt-BR",
                "texto": "Criar conta",
                "title": "",
                "target": "",
                "rel": [],
                "tipo": "externo"
            },
            {
                "href": "https://rastreamento.underlabz.com.br/rastrear",
                "url_completa": "https://rastreamento.underlabz.com.br/rastrear",
                "texto": "Rastreamento",
                "title": "Rastrear Entrega",
                "target": "",
                "rel": [],
                "tipo": "externo"
            },
            {
                "href": "/",
                "url_completa": "https://www.underlabz.com.br/",
                "texto": "",
                "title": "",
                "target": "",
                "rel": [],
                "tipo": "interno"
            },
            {
                "href": "https://rastreamento.underlabz.com.br/rastrear",
                "url_completa": "https://rastreamento.underlabz.com.br/rastrear",
                "texto": "Rastreamento",
                "title": "Rastrear Entrega",
                "target": "",
                "rel": [],
                "tipo": "externo"
            },
            {
                "href": "https://cliente.underlabz.com?locale=pt-BR®ion_country=BR",
                "url_completa": "https://cliente.underlabz.com?locale=pt-BR®ion_country=BR",
                "texto": "Entrar",
                "title": "",
                "target": "",
                "rel": [],
                "tipo": "externo"
            },
            {
                "href": "https://cliente.underlabz.com?locale=pt-BR",
                "url_completa": "https://cliente.underlabz.com?locale=pt-BR",
                "texto": "Criar conta",
                "title": "",
                "target": "",
                "rel": [],
                "tipo": "externo"
            },
            {
                "href": "/search",
                "url_completa": "https://www.underlabz.com.br/search",
                "texto": "Pesquisar",
                "title": "Pesquisar",
                "target": "",
                "rel": [],
                "tipo": "interno"
            },
            {
                "href": "/cart",
                "url_completa": "https://www.underlabz.com.br/cart",
                "texto": "Carrinho(0)(0)",
                "title": "",
                "target": "",
                "rel": [],
                "tipo": "interno"
            },
            {
                "href": "/collections/mais-vendidos",
                "url_completa": "https://www.underlabz.com.br/collections/mais-vendidos",
                "texto": "TOP 10",
                "title": "",
                "target": "",
                "rel": [],
                "tipo": "interno"
            },
            {
                "href": "/collections/linha-crush",
                "url_completa": "https://www.underlabz.com.br/collections/linha-crush",
                "texto": "LINHA CRUSH",
                "title": "",
                "target": "",
                "rel": [],
                "tipo": "interno"
            },
            {
                "href": "/collections/proteinas-ganho-massa-muscular",
                "url_completa": "https://www.underlabz.com.br/collections/proteinas-ganho-massa-muscular",
                "texto": "WHEY PROTEIN",
                "title": "",
                "target": "",
                "rel": [],
                "tipo": "interno"
            },
            {
                "href": "/products/creatine-borntodisrupt-creatina-pura",
                "url_completa": "https://www.underlabz.com.br/products/creatine-borntodisrupt-creatina-pura",
                "texto": "CREATINA",
                "title": "",
                "target": "",
                "rel": [],
                "tipo": "interno"
            },
            {
                "href": "/collections/pre-treinos-energia",
                "url_completa": "https://www.underlabz.com.br/collections/pre-treinos-energia",
                "texto": "PRÉ-TREINO",
                "title": "",
                "target": "",
                "rel": [],
                "tipo": "interno"
            },
            {
                "href": "/collections/termogenicos-queimar-gordura",
                "url_completa": "https://www.underlabz.com.br/collections/termogenicos-queimar-gordura",
                "texto": "TERMOGÊNICO",
                "title": "",
                "target": "",
                "rel": [],
                "tipo": "interno"
            },
            {
                "href": "/products/captain-gainer-3kg",
                "url_completa": "https://www.underlabz.com.br/products/captain-gainer-3kg",
                "texto": "HIPERCALÓRICO",
                "title": "",
                "target": "",
                "rel": [],
                "tipo": "interno"
            },
            {
                "href": "##",
                "url_completa": "https://www.underlabz.com.br##",
                "texto": "+ CATEGORIAS",
                "title": "",
                "target": "",
                "rel": [],
                "tipo": "interno"
            },
            {
                "href": "/collections/aminoacidos-energia-resistencia-treino",
                "url_completa": "https://www.underlabz.com.br/collections/aminoacidos-energia-resistencia-treino",
                "texto": "AMINOÁCIDOS",
                "title": "",
                "target": "",
                "rel": [],
                "tipo": "interno"
            },
            {
                "href": "/collections/acessorios-para-treino-academia",
                "url_completa": "https://www.underlabz.com.br/collections/acessorios-para-treino-academia",
                "texto": "ACESSÓRIOS",
                "title": "",
                "target": "",
                "rel": [],
                "tipo": "interno"
            },
            {
                "href": "/collections/roupas-treino-academia",
                "url_completa": "https://www.underlabz.com.br/collections/roupas-treino-academia",
                "texto": "ROUPAS",
                "title": "",
                "target": "",
                "rel": [],
                "tipo": "interno"
            },
            {
                "href": "/products/testo-cycle-120-capsulas",
                "url_completa": "https://www.underlabz.com.br/products/testo-cycle-120-capsulas",
                "texto": "PRO-HORMONAL",
                "title": "",
                "target": "",
                "rel": [],
                "tipo": "interno"
            },
            {
                "href": "/collections/snacks-lanche-doce-fitness",
                "url_completa": "https://www.underlabz.com.br/collections/snacks-lanche-doce-fitness",
                "texto": "SNACKS",
                "title": "",
                "target": "",
                "rel": [],
                "tipo": "interno"
            },
            {
                "href": "/collections/vitaminas-essenciais-para-saude",
                "url_completa": "https://www.underlabz.com.br/collections/vitaminas-essenciais-para-saude",
                "texto": "VITAMINAS",
                "title": "",
                "target": "",
                "rel": [],
                "tipo": "interno"
            },
            {
                "href": "/products/x-carnitine-borntodisrupt-480ml",
                "url_completa": "https://www.underlabz.com.br/products/x-carnitine-borntodisrupt-480ml",
                "texto": "",
                "title": "",
                "target": "",
                "rel": [],
                "tipo": "interno"
            },
            {
                "href": "",
                "url_completa": "https://www.underlabz.com.br",
                "texto": "",
                "title": "",
                "target": "",
                "rel": [],
                "tipo": "interno"
            },
            {
                "href": "/products/testo-cycle-120-capsulas",
                "url_completa": "https://www.underlabz.com.br/products/testo-cycle-120-capsulas",
                "texto": "",
                "title": "",
                "target": "",
                "rel": [],
                "tipo": "interno"
            },
            {
                "href": "/products/fckng-booster-600g",
                "url_completa": "https://www.underlabz.com.br/products/fckng-booster-600g",
                "texto": "",
                "title": "",
                "target": "",
                "rel": [],
                "tipo": "interno"
            },
            {
                "href": "/products/clembuterunder-fastdose-250ml",
                "url_completa": "https://www.underlabz.com.br/products/clembuterunder-fastdose-250ml",
                "texto": "",
                "title": "",
                "target": "",
                "rel": [],
                "tipo": "interno"
            },
            {
                "href": "/products/omega-3-ultra-concentrado",
                "url_completa": "https://www.underlabz.com.br/products/omega-3-ultra-concentrado",
                "texto": "",
                "title": "",
                "target": "",
                "rel": [],
                "tipo": "interno"
            },
            {
                "href": "/products/warzone-rocket-energy-450g",
                "url_completa": "https://www.underlabz.com.br/products/warzone-rocket-energy-450g",
                "texto": "",
                "title": "",
                "target": "",
                "rel": [],
                "tipo": "interno"
            },
            {
                "href": "/products/x-carnitine-borntodisrupt-480ml",
                "url_completa": "https://www.underlabz.com.br/products/x-carnitine-borntodisrupt-480ml",
                "texto": "",
                "title": "",
                "target": "",
                "rel": [],
                "tipo": "interno"
            },
            {
                "href": "/products/x-carnitine-borntodisrupt-480ml",
                "url_completa": "https://www.underlabz.com.br/products/x-carnitine-borntodisrupt-480ml",
                "texto": "X-CARNITINE LIPO-DRIVE BORNTODISRUPT 480ML",
                "title": "X-CARNITINE LIPO-DRIVE BORNTODISRUPT 480ML",
                "target": "",
                "rel": [],
                "tipo": "interno"
            },
            {
                "href": "/products/testo-cycle-120-capsulas",
                "url_completa": "https://www.underlabz.com.br/products/testo-cycle-120-capsulas",
                "texto": "",
                "title": "",
                "target": "",
                "rel": [],
                "tipo": "interno"
            },
            {
                "href": "/products/testo-cycle-120-capsulas",
                "url_completa": "https://www.underlabz.com.br/products/testo-cycle-120-capsulas",
                "texto": "TESTO CYCLE",
                "title": "TESTO CYCLE",
                "target": "",
                "rel": [],
                "tipo": "interno"
            },
            {
                "href": "/products/dimethylex-60-caps",
                "url_completa": "https://www.underlabz.com.br/products/dimethylex-60-caps",
                "texto": "",
                "title": "",
                "target": "",
                "rel": [],
                "tipo": "interno"
            },
            {
                "href": "/products/dimethylex-60-caps",
                "url_completa": "https://www.underlabz.com.br/products/dimethylex-60-caps",
                "texto": "DIMETHYLEX",
                "title": "DIMETHYLEX",
                "target": "",
                "rel": [],
                "tipo": "interno"
            }
        ]
    },
    "scripts": [
        {
            "src": "",
            "type": "text/javascript",
            "async": false,
            "defer": false,
            "inline": true,
            "conteudo_tamanho": 241,
            "possiveis_vulnerabilidades": []
        },
        {
            "src": "",
            "type": "text/javascript",
            "async": false,
            "defer": false,
            "inline": true,
            "conteudo_tamanho": 3899,
            "possiveis_vulnerabilidades": []
        },
        {
            "src": "",
            "type": "text/javascript",
            "async": false,
            "defer": false,
            "inline": true,
            "conteudo_tamanho": 5750,
            "possiveis_vulnerabilidades": []
        },
        {
            "src": "",
            "type": "text/javascript",
            "async": true,
            "defer": false,
            "inline": true,
            "conteudo_tamanho": 4064,
            "possiveis_vulnerabilidades": []
        },
        {
            "src": "https://cdn.beae.com/vendors/js-v2/jquery.min.js",
            "type": "text/javascript",
            "async": false,
            "defer": true,
            "inline": false,
            "conteudo_tamanho": 0
        },
        {
            "src": "//underlabz.com.br/cdn/shop/t/6/assets/constants.js?v=57430444635880596041703702118",
            "type": "text/javascript",
            "async": false,
            "defer": true,
            "inline": false,
            "conteudo_tamanho": 0
        },
        {
            "src": "//underlabz.com.br/cdn/shop/t/6/assets/pubsub.js?v=2921868252632587581703702119",
            "type": "text/javascript",
            "async": false,
            "defer": true,
            "inline": false,
            "conteudo_tamanho": 0
        },
        {
            "src": "//underlabz.com.br/cdn/shop/t/6/assets/global.js?v=156026620607087661451708527600",
            "type": "text/javascript",
            "async": false,
            "defer": true,
            "inline": false,
            "conteudo_tamanho": 0
        },
        {
            "src": "//underlabz.com.br/cdn/shop/t/6/assets/quick-add.js?v=3165433605666387431703702119",
            "type": "text/javascript",
            "async": false,
            "defer": true,
            "inline": false,
            "conteudo_tamanho": 0
        },
        {
            "src": "//underlabz.com.br/cdn/shop/t/6/assets/product-form.js?v=102495761108940121331703702119",
            "type": "text/javascript",
            "async": false,
            "defer": true,
            "inline": false,
            "conteudo_tamanho": 0
        },
        {
            "src": "",
            "type": "text/javascript",
            "async": false,
            "defer": false,
            "inline": true,
            "conteudo_tamanho": 109,
            "possiveis_vulnerabilidades": []
        },
        {
            "src": "/checkouts/internal/preloads.js?locale=pt-BR",
            "type": "text/javascript",
            "async": true,
            "defer": false,
            "inline": false,
            "conteudo_tamanho": 0
        },
        {
            "src": "",
            "type": "application/json",
            "async": false,
            "defer": false,
            "inline": true,
            "conteudo_tamanho": 184,
            "possiveis_vulnerabilidades": []
        },
        {
            "src": "",
            "type": "text/javascript",
            "async": false,
            "defer": false,
            "inline": true,
            "conteudo_tamanho": 498,
            "possiveis_vulnerabilidades": []
        },
        {
            "src": "",
            "type": "module",
            "async": false,
            "defer": false,
            "inline": true,
            "conteudo_tamanho": 59,
            "possiveis_vulnerabilidades": []
        },
        {
            "src": "",
            "type": "text/javascript",
            "async": false,
            "defer": false,
            "inline": true,
            "conteudo_tamanho": 191,
            "possiveis_vulnerabilidades": []
        },
        {
            "src": "",
            "type": "application/json",
            "async": false,
            "defer": false,
            "inline": true,
            "conteudo_tamanho": 20,
            "possiveis_vulnerabilidades": []
        },
        {
            "src": "",
            "type": "text/javascript",
            "async": false,
            "defer": false,
            "inline": true,
            "conteudo_tamanho": 812,
            "possiveis_vulnerabilidades": []
        },
        {
            "src": "",
            "type": "text/javascript",
            "async": false,
            "defer": false,
            "inline": true,
            "conteudo_tamanho": 162,
            "possiveis_vulnerabilidades": []
        },
        {
            "src": "",
            "type": "text/javascript",
            "async": false,
            "defer": false,
            "inline": true,
            "conteudo_tamanho": 48,
            "possiveis_vulnerabilidades": []
        },
        {
            "src": "",
            "type": "text/javascript",
            "async": false,
            "defer": false,
            "inline": true,
            "conteudo_tamanho": 3383,
            "possiveis_vulnerabilidades": []
        },
        {
            "src": "//underlabz.com.br/cdn/shopifycloud/storefront/assets/storefront/load_feature-81c60534.js",
            "type": "text/javascript",
            "async": false,
            "defer": true,
            "inline": false,
            "conteudo_tamanho": 0
        },
        {
            "src": "",
            "type": "text/javascript",
            "async": false,
            "defer": false,
            "inline": true,
            "conteudo_tamanho": 351,
            "possiveis_vulnerabilidades": []
        },
        {
            "src": "",
            "type": "text/javascript",
            "async": false,
            "defer": false,
            "inline": true,
            "conteudo_tamanho": 723,
            "possiveis_vulnerabilidades": []
        },
        {
            "src": "",
            "type": "text/javascript",
            "async": false,
            "defer": false,
            "inline": true,
            "conteudo_tamanho": 352,
            "possiveis_vulnerabilidades": []
        },
        {
            "src": "",
            "type": "text/javascript",
            "async": false,
            "defer": false,
            "inline": true,
            "conteudo_tamanho": 107,
            "possiveis_vulnerabilidades": []
        },
        {
            "src": "",
            "type": "text/javascript",
            "async": false,
            "defer": false,
            "inline": true,
            "conteudo_tamanho": 224,
            "possiveis_vulnerabilidades": []
        },
        {
            "src": "//underlabz.com.br/cdn/shop/t/6/assets/jquery-3.6.0.js?v=32573363768646652941703702119",
            "type": "text/javascript",
            "async": false,
            "defer": true,
            "inline": false,
            "conteudo_tamanho": 0
        },
        {
            "src": "//underlabz.com.br/cdn/shop/t/6/assets/swiper-bundle.min.js?v=59665753948720967221703702121",
            "type": "text/javascript",
            "async": false,
            "defer": true,
            "inline": false,
            "conteudo_tamanho": 0
        },
        {
            "src": "//underlabz.com.br/cdn/shop/t/6/assets/gsap.min.js?v=72623920377642660981703702118",
            "type": "text/javascript",
            "async": false,
            "defer": true,
            "inline": false,
            "conteudo_tamanho": 0
        },
        {
            "src": "//underlabz.com.br/cdn/shop/t/6/assets/ScrollTrigger.min.js?v=172410024157382806541703702119",
            "type": "text/javascript",
            "async": false,
            "defer": true,
            "inline": false,
            "conteudo_tamanho": 0
        },
        {
            "src": "//underlabz.com.br/cdn/shop/t/6/assets/search-modal.js?v=171904371368890382431703702120",
            "type": "text/javascript",
            "async": false,
            "defer": true,
            "inline": false,
            "conteudo_tamanho": 0
        },
        {
            "src": "//underlabz.com.br/cdn/shop/t/6/assets/popup.js?v=108433122814655278181703702119",
            "type": "text/javascript",
            "async": false,
            "defer": true,
            "inline": false,
            "conteudo_tamanho": 0
        },
        {
            "src": "",
            "type": "text/javascript",
            "async": false,
            "defer": false,
            "inline": true,
            "conteudo_tamanho": 2668,
            "possiveis_vulnerabilidades": []
        },
        {
            "src": "",
            "type": "text/javascript",
            "async": false,
            "defer": false,
            "inline": true,
            "conteudo_tamanho": 323,
            "possiveis_vulnerabilidades": []
        },
        {
            "src": "",
            "type": "text/javascript",
            "async": false,
            "defer": false,
            "inline": true,
            "conteudo_tamanho": 11240,
            "possiveis_vulnerabilidades": []
        },
        {
            "src": "",
            "type": "text/javascript",
            "async": false,
            "defer": false,
            "inline": true,
            "conteudo_tamanho": 156,
            "possiveis_vulnerabilidades": []
        },
        {
            "src": "https://storage.googleapis.com/solomon-app-scripts/popup_send_internal_cdn.js",
            "type": "text/javascript",
            "async": true,
            "defer": true,
            "inline": false,
            "conteudo_tamanho": 0
        },
        {
            "src": "",
            "type": "text/javascript",
            "async": false,
            "defer": false,
            "inline": true,
            "conteudo_tamanho": 0
        },
        {
            "src": "https://cdn.506.io/eg/script.js?shop=ae3736.myshopify.com",
            "type": "text/javascript",
            "async": true,
            "defer": false,
            "inline": false,
            "conteudo_tamanho": 0
        },
        {
            "src": "",
            "type": "text/javascript",
            "async": false,
            "defer": true,
            "inline": true,
            "conteudo_tamanho": 961,
            "possiveis_vulnerabilidades": []
        },
        {
            "src": "",
            "type": "text/javascript",
            "async": false,
            "defer": true,
            "inline": true,
            "conteudo_tamanho": 135,
            "possiveis_vulnerabilidades": []
        },
        {
            "src": "",
            "type": "application/ld+json",
            "async": false,
            "defer": false,
            "inline": true,
            "conteudo_tamanho": 2680,
            "possiveis_vulnerabilidades": []
        },
        {
            "src": "",
            "type": "text/javascript",
            "async": false,
            "defer": false,
            "inline": true,
            "conteudo_tamanho": 23899,
            "possiveis_vulnerabilidades": []
        },
        {
            "src": "https://cdn.shopify.com/extensions/1c2911af-324b-4ed2-85cb-370fa967207c/seoant-ai-seo-61/assets/pagespeed-preloading.js",
            "type": "text/javascript",
            "async": false,
            "defer": true,
            "inline": false,
            "conteudo_tamanho": 0
        },
        {
            "src": "https://cdn.shopify.com/extensions/1c2911af-324b-4ed2-85cb-370fa967207c/seoant-ai-seo-61/assets/imagelazy.s.min.js",
            "type": "text/javascript",
            "async": true,
            "defer": false,
            "inline": false,
            "conteudo_tamanho": 0
        },
        {
            "src": "https://cdn.shopify.com/extensions/762ec7ed-000e-42f5-b2f4-db80b6a93e9d/forms-2026/assets/loader.js",
            "type": "text/javascript",
            "async": false,
            "defer": true,
            "inline": false,
            "conteudo_tamanho": 0
        },
        {
            "src": "",
            "type": "text/javascript",
            "async": false,
            "defer": false,
            "inline": true,
            "conteudo_tamanho": 1338,
            "possiveis_vulnerabilidades": []
        },
        {
            "src": "",
            "type": "text/javascript",
            "async": false,
            "defer": false,
            "inline": true,
            "conteudo_tamanho": 8177,
            "possiveis_vulnerabilidades": []
        },
        {
            "src": "",
            "type": "text/javascript",
            "async": false,
            "defer": false,
            "inline": true,
            "conteudo_tamanho": 305,
            "possiveis_vulnerabilidades": []
        },
        {
            "src": "",
            "type": "text/javascript",
            "async": false,
            "defer": false,
            "inline": true,
            "conteudo_tamanho": 5750,
            "possiveis_vulnerabilidades": [
                "uso_de_document_write"
            ]
        },
        {
            "src": "https://underlabz.com.br/cdn/shopifycloud/perf-kit/shopify-perf-kit-1.6.6.min.js",
            "type": "text/javascript",
            "async": false,
            "defer": true,
            "inline": false,
            "conteudo_tamanho": 0
        },
        {
            "src": "//underlabz.com.br/cdn/shop/t/6/assets/announcement.js?v=23557179256096044851703702116",
            "type": "text/javascript",
            "async": false,
            "defer": true,
            "inline": false,
            "conteudo_tamanho": 0
        },
        {
            "src": "//underlabz.com.br/cdn/shop/t/6/assets/header.js?v=62403914784286065961703702118",
            "type": "text/javascript",
            "async": false,
            "defer": true,
            "inline": false,
            "conteudo_tamanho": 0
        },
        {
            "src": "//underlabz.com.br/cdn/shop/t/6/assets/details-disclosure.js?v=148374180365923534441703702118",
            "type": "text/javascript",
            "async": false,
            "defer": true,
            "inline": false,
            "conteudo_tamanho": 0
        },
        {
            "src": "//underlabz.com.br/cdn/shop/t/6/assets/details-modal.js?v=68380403784609942651703702118",
            "type": "text/javascript",
            "async": false,
            "defer": true,
            "inline": false,
            "conteudo_tamanho": 0
        },
        {
            "src": "",
            "type": "application/ld+json",
            "async": false,
            "defer": false,
            "inline": true,
            "conteudo_tamanho": 518,
            "possiveis_vulnerabilidades": []
        },
        {
            "src": "",
            "type": "application/ld+json",
            "async": false,
            "defer": false,
            "inline": true,
            "conteudo_tamanho": 368,
            "possiveis_vulnerabilidades": []
        },
        {
            "src": "",
            "type": "text/javascript",
            "async": false,
            "defer": false,
            "inline": true,
            "conteudo_tamanho": 95,
            "possiveis_vulnerabilidades": []
        },
        {
            "src": "//underlabz.com.br/cdn/shop/t/6/assets/slideshow.js?v=79262542972544722781703702121",
            "type": "text/javascript",
            "async": false,
            "defer": true,
            "inline": false,
            "conteudo_tamanho": 0
        },
        {
            "src": "",
            "type": "text/javascript",
            "async": false,
            "defer": false,
            "inline": true,
            "conteudo_tamanho": 865,
            "possiveis_vulnerabilidades": []
        },
        {
            "src": "https://d2ls1pfffhvy22.cloudfront.net/assets-v2/gp-lazyload.v2.js?v=1752005982717",
            "type": "text/javascript",
            "async": false,
            "defer": true,
            "inline": false,
            "conteudo_tamanho": 0
        },
        {
            "src": "https://d2ls1pfffhvy22.cloudfront.net/assets-v2/gp-global.js?v=1752005982717",
            "type": "text/javascript",
            "async": false,
            "defer": true,
            "inline": false,
            "conteudo_tamanho": 0
        },
        {
            "src": "https://d2ls1pfffhvy22.cloudfront.net/assets-v2/gp-product.v2.js?v=1752005982717",
            "type": "text/javascript",
            "async": false,
            "defer": true,
            "inline": false,
            "conteudo_tamanho": 0
        },
        {
            "src": "//loox.io/widget/loox.js?shop=underlabz.com.br",
            "type": "text/javascript",
            "async": false,
            "defer": true,
            "inline": false,
            "conteudo_tamanho": 0
        },
        {
            "src": "https://d2ls1pfffhvy22.cloudfront.net/assets-v2/gp-product.v2.js?v=1752005982717",
            "type": "text/javascript",
            "async": false,
            "defer": true,
            "inline": false,
            "conteudo_tamanho": 0
        },
        {
            "src": "//loox.io/widget/loox.js?shop=underlabz.com.br",
            "type": "text/javascript",
            "async": false,
            "defer": true,
            "inline": false,
            "conteudo_tamanho": 0
        },
        {
            "src": "https://d2ls1pfffhvy22.cloudfront.net/assets-v2/gp-product.v2.js?v=1752005982717",
            "type": "text/javascript",
            "async": false,
            "defer": true,
            "inline": false,
            "conteudo_tamanho": 0
        },
        {
            "src": "//loox.io/widget/loox.js?shop=underlabz.com.br",
            "type": "text/javascript",
            "async": false,
            "defer": true,
            "inline": false,
            "conteudo_tamanho": 0
        },
        {
            "src": "https://d2ls1pfffhvy22.cloudfront.net/assets-v2/gp-product.v2.js?v=1752005982717",
            "type": "text/javascript",
            "async": false,
            "defer": true,
            "inline": false,
            "conteudo_tamanho": 0
        },
        {
            "src": "//loox.io/widget/loox.js?shop=underlabz.com.br",
            "type": "text/javascript",
            "async": false,
            "defer": true,
            "inline": false,
            "conteudo_tamanho": 0
        },
        {
            "src": "https://d2ls1pfffhvy22.cloudfront.net/assets-v2/gp-product.v2.js?v=1752005982717",
            "type": "text/javascript",
            "async": false,
            "defer": true,
            "inline": false,
            "conteudo_tamanho": 0
        },
        {
            "src": "https://d2ls1pfffhvy22.cloudfront.net/assets-v2/gp-product.v2.js?v=1752005982717",
            "type": "text/javascript",
            "async": false,
            "defer": true,
            "inline": false,
            "conteudo_tamanho": 0
        },
        {
            "src": "//loox.io/widget/loox.js?shop=underlabz.com.br",
            "type": "text/javascript",
            "async": false,
            "defer": true,
            "inline": false,
            "conteudo_tamanho": 0
        },
        {
            "src": "https://d2ls1pfffhvy22.cloudfront.net/assets-v2/gp-product.v2.js?v=1752005982717",
            "type": "text/javascript",
            "async": false,
            "defer": true,
            "inline": false,
            "conteudo_tamanho": 0
        },
        {
            "src": "//loox.io/widget/loox.js?shop=underlabz.com.br",
            "type": "text/javascript",
            "async": false,
            "defer": true,
            "inline": false,
            "conteudo_tamanho": 0
        },
        {
            "src": "//underlabz.com.br/cdn/shop/t/6/assets/testimonials.js?v=144845629184811862481703702122",
            "type": "text/javascript",
            "async": false,
            "defer": true,
            "inline": false,
            "conteudo_tamanho": 0
        },
        {
            "src": "//underlabz.com.br/cdn/shop/t/6/assets/blog-post.js?v=27504870112887192421703702116",
            "type": "text/javascript",
            "async": false,
            "defer": true,
            "inline": false,
            "conteudo_tamanho": 0
        },
        {
            "src": "//underlabz.com.br/cdn/shop/t/6/assets/multicolumn.js?v=2468778739043510191703702119",
            "type": "text/javascript",
            "async": false,
            "defer": true,
            "inline": false,
            "conteudo_tamanho": 0
        },
        {
            "src": "//underlabz.com.br/cdn/shop/t/6/assets/footer.js?v=98711672867116950311703702118",
            "type": "text/javascript",
            "async": false,
            "defer": true,
            "inline": false,
            "conteudo_tamanho": 0
        },
        {
            "src": "",
            "type": "text/javascript",
            "async": false,
            "defer": false,
            "inline": true,
            "conteudo_tamanho": 122,
            "possiveis_vulnerabilidades": []
        },
        {
            "src": "",
            "type": "text/javascript",
            "async": false,
            "defer": false,
            "inline": true,
            "conteudo_tamanho": 864,
            "possiveis_vulnerabilidades": []
        },
        {
            "src": "//underlabz.com.br/cdn/shop/t/6/assets/search-form.js?v=57766060922408435031703702119",
            "type": "text/javascript",
            "async": false,
            "defer": true,
            "inline": false,
            "conteudo_tamanho": 0
        },
        {
            "src": "//underlabz.com.br/cdn/shop/t/6/assets/predictive-search.js?v=121474065506828824571703702119",
            "type": "text/javascript",
            "async": false,
            "defer": true,
            "inline": false,
            "conteudo_tamanho": 0
        },
        {
            "src": "//underlabz.com.br/cdn/shop/t/6/assets/tiny-img-link-preloader.js?v=26403198945174473401718382624",
            "type": "text/javascript",
            "async": false,
            "defer": false,
            "inline": false,
            "conteudo_tamanho": 0
        },
        {
            "src": "https://www.mercadopago.com/v2/security.js",
            "type": "text/javascript",
            "async": false,
            "defer": false,
            "inline": false,
            "conteudo_tamanho": 0
        },
        {
            "src": "",
            "type": "text/javascript",
            "async": false,
            "defer": false,
            "inline": true,
            "conteudo_tamanho": 15764,
            "possiveis_vulnerabilidades": [
                "redirecionamento_dinamico"
            ]
        },
        {
            "src": "",
            "type": "text/javascript",
            "async": false,
            "defer": false,
            "inline": true,
            "conteudo_tamanho": 17755,
            "possiveis_vulnerabilidades": []
        },
        {
            "src": "",
            "type": "text/javascript",
            "async": false,
            "defer": false,
            "inline": true,
            "conteudo_tamanho": 39,
            "possiveis_vulnerabilidades": []
        },
        {
            "src": "",
            "type": "text/javascript",
            "async": false,
            "defer": false,
            "inline": true,
            "conteudo_tamanho": 95,
            "possiveis_vulnerabilidades": []
        }
    ],
    "comentarios": [
        {
            "conteudo": "SEOAnt Speed Up Script",
            "tamanho": 22,
            "possiveis_problemas": []
        },
        {
            "conteudo": "/SEOAnt Speed Up Script",
            "tamanho": 23,
            "possiveis_problemas": []
        },
        {
            "conteudo": "BEAE-EMBED",
            "tamanho": 10,
            "possiveis_problemas": []
        },
        {
            "conteudo": "/BEAE-EMBED",
            "tamanho": 11,
            "possiveis_problemas": []
        },
        {
            "conteudo": "<script>window.performance && window.performance.mark && window.performance.mark('shopify.content_for_header.start');</script><meta name=\"facebook-domain-verification\" content=\"5118n32kbfut01liz6q9czi1rcmn3h\">\n<meta name=\"google-site-verification\" content=\"hc8HBYvxhfuQUHOT62ESmcpZSzWs9uZjqWW8chbK3Xo\">\n<meta id=\"shopify-digital-wallet\" name=\"shopify-digital-wallet\" content=\"/67076129013/digital_wallets/dialog\">\n<script async=\"async\" src=\"/checkouts/internal/preloads.js?locale=pt-BR\"></script>\n<script id=\"shopify-features\" type=\"application/json\">{\"accessToken\":\"a1905537768b817ee33ba91d6deb1393\",\"betas\":[\"rich-media-storefront-analytics\"],\"domain\":\"underlabz.com.br\",\"predictiveSearch\":true,\"shopId\":67076129013,\"locale\":\"pt-br\"}</script>\n<script>var Shopify = Shopify || {};\nShopify.shop = \"ae3736.myshopify.com\";\nShopify.locale = \"pt-BR\";\nShopify.currency = {\"active\":\"BRL\",\"rate\":\"1.0\"};\nShopify.country = \"BR\";\nShopify.theme = {\"name\":\"Barcelona\",\"id\":138819731701,\"schema_name\":\"Barcelona\",\"schema_version\":\"1.0.1\",\"theme_store_id\":2324,\"role\":\"main\"};\nShopify.theme.handle = \"null\";\nShopify.theme.style = {\"id\":null,\"handle\":null};\nShopify.cdnHost = \"underlabz.com.br/cdn\";\nShopify.routes = Shopify.routes || {};\nShopify.routes.root = \"/\";</script>\n<script type=\"module\">!function(o){(o.Shopify=o.Shopify||{}).modules=!0}(window);</script>\n<script>!function(o){function n(){var o=[];function n(){o.push(Array.prototype.slice.apply(arguments))}return n.q=o,n}var t=o.Shopify=o.Shopify||{};t.loadFeatures=n(),t.autoloadFeatures=n()}(window);</script>\n<script id=\"shop-js-analytics\" type=\"application/json\">{\"pageType\":\"index\"}</script>\n<script>(function() {\n  var isLoaded = false;\n  function asyncLoad() {\n    if (isLoaded) return;\n    isLoaded = true;\n    var urls = [\"\",\"https:\\/\\/loox.io\\/widget\\/uI0AsvFsad\\/loox.1712792967023.js?shop=ae3736.myshopify.com\"];\n    for (var i = 0; i < urls.length; i++) {\n      var s = document.createElement('script');\n      s.type = 'text/javascript';\n      s.async = true;\n      s.src = urls[i];\n      var x = document.getElementsByTagName('script')[0];\n      x.parentNode.insertBefore(s, x);\n    }\n  };\n  if(window.attachEvent) {\n    window.attachEvent('onload', asyncLoad);\n  } else {\n    window.addEventListener('load', asyncLoad, false);\n  }\n})();</script>\n<script id=\"__st\">var __st={\"a\":67076129013,\"offset\":-10800,\"reqid\":\"03bfad88-80cb-4320-9faa-fdb6ba979e85-1753589003\",\"pageurl\":\"underlabz.com.br\\/\",\"u\":\"42a2d5e7f9a3\",\"p\":\"home\"};</script>\n<script>window.ShopifyPaypalV4VisibilityTracking = true;</script>\n<script id=\"captcha-bootstrap\">!function(){'use strict';const t='contact',e='account',n='new_comment',o=[[t,t],['blogs',n],['comments',n],[t,'customer']],c=[[e,'customer_login'],[e,'guest_login'],[e,'recover_customer_password'],[e,'create_customer']],r=t=>t.map((([t,e])=>`form[action*='/${t}']:not([data-nocaptcha='true']) input[name='form_type'][value='${e}']`)).join(','),a=t=>()=>t?[...document.querySelectorAll(t)].map((t=>t.form)):[];function s(){const t=[...o],e=r(t);return a(e)}const i='password',u='form_key',d=['recaptcha-v3-token','g-recaptcha-response','h-captcha-response',i],f=()=>{try{return window.sessionStorage}catch{return}},m='__shopify_v',_=t=>t.elements[u];function p(t,e,n=!1){try{const o=window.sessionStorage,c=JSON.parse(o.getItem(e)),{data:r}=function(t){const{data:e,action:n}=t;return t[m]||n?{data:e,action:n}:{data:t,action:n}}(c);for(const[e,n]of Object.entries(r))t.elements[e]&&(t.elements[e].value=n);n&&o.removeItem(e)}catch(o){console.error('form repopulation failed',{error:o})}}const l='form_type',E='cptcha';function T(t){t.dataset[E]=!0}const w=window,h=w.document,L='Shopify',v='ce_forms',y='captcha';let A=!1;((t,e)=>{const n=(g='f06e6c50-85a8-45c8-87d0-21a2b65856fe',I='https://cdn.shopify.com/shopifycloud/storefront-forms-hcaptcha/ce_storefront_forms_captcha_hcaptcha.v1.5.2.iife.js',D={infoText:'Protegido por hCaptcha',privacyText:'Privacidade',termsText:'Termos'},(t,e,n)=>{const o=w[L][v],c=o.bindForm;if(c)return c(t,g,e,D).then(n);var r;o.q.push([[t,g,e,D],n]),r=I,A||(h.body.append(Object.assign(h.createElement('script'),{id:'captcha-provider',async:!0,src:r})),A=!0)});var g,I,D;w[L]=w[L]||{},w[L][v]=w[L][v]||{},w[L][v].q=[],w[L][y]=w[L][y]||{},w[L][y].protect=function(t,e){n(t,void 0,e),T(t)},Object.freeze(w[L][y]),function(t,e,n,w,h,L){const[v,y,A,g]=function(t,e,n){const i=e?o:[],u=t?c:[],d=[...i,...u],f=r(d),m=r(i),_=r(d.filter((([t,e])=>n.includes(e))));return[a(f),a(m),a(_),s()]}(w,h,L),I=t=>{const e=t.target;return e instanceof HTMLFormElement?e:e&&e.form},D=t=>v().includes(t);t.addEventListener('submit',(t=>{const e=I(t);if(!e)return;const n=D(e)&&!e.dataset.hcaptchaBound&&!e.dataset.recaptchaBound,o=_(e),c=g().includes(e)&&(!o||!o.value);(n||c)&&t.preventDefault(),c&&!n&&(function(t){try{if(!f())return;!function(t){const e=f();if(!e)return;const n=_(t);if(!n)return;const o=n.value;o&&e.removeItem(o)}(t);const e=Array.from(Array(32),(()=>Math.random().toString(36)[2])).join('');!function(t,e){_(t)||t.append(Object.assign(document.createElement('input'),{type:'hidden',name:u})),t.elements[u].value=e}(t,e),function(t,e){const n=f();if(!n)return;const o=[...t.querySelectorAll(`input[type='${i}']`)].map((({name:t})=>t)),c=[...d,...o],r={};for(const[a,s]of new FormData(t).entries())c.includes(a)||(r[a]=s);n.setItem(e,JSON.stringify({[m]:1,action:t.action,data:r}))}(t,e)}catch(e){console.error('failed to persist form',e)}}(e),e.submit())}));const S=(t,e)=>{t&&!t.dataset[E]&&(n(t,e.some((e=>e===t))),T(t))};for(const o of['focusin','change'])t.addEventListener(o,(t=>{const e=I(t);D(e)&&S(e,y())}));const B=e.get('form_key'),M=e.get(l),P=B&&M;t.addEventListener('DOMContentLoaded',(()=>{const t=y();if(P)for(const e of t)e.elements[l].value===M&&p(e,B);[...new Set([...A(),...v().filter((t=>'true'===t.dataset.shopifyCaptcha))])].forEach((e=>S(e,t)))}))}(h,new URLSearchParams(w.location.search),n,t,e,['guest_login'])})(!0,!0)}();</script>\n<script integrity=\"sha256-52AcMU7V7pcBOXWImdc/TAGTFKeNjmkeM1Pvks/DTgc=\" data-source-attribution=\"shopify.loadfeatures\" defer=\"defer\" src=\"//underlabz.com.br/cdn/shopifycloud/storefront/assets/storefront/load_feature-81c60534.js\" crossorigin=\"anonymous\"></script>\n<script data-source-attribution=\"shopify.dynamic_checkout.dynamic.init\">var Shopify=Shopify||{};Shopify.PaymentButton=Shopify.PaymentButton||{isStorefrontPortableWallets:!0,init:function(){window.Shopify.PaymentButton.init=function(){};var t=document.createElement(\"script\");t.src=\"https://underlabz.com.br/cdn/shopifycloud/portable-wallets/latest/portable-wallets.pt-br.js\",t.type=\"module\",document.head.appendChild(t)}};\n</script>\n<script data-source-attribution=\"shopify.dynamic_checkout.buyer_consent\">\n  function portableWalletsHideBuyerConsent(e){var t=document.getElementById(\"shopify-buyer-consent\"),n=document.getElementById(\"shopify-subscription-policy-button\");t&&n&&(t.classList.add(\"hidden\"),t.setAttribute(\"aria-hidden\",\"true\"),n.removeEventListener(\"click\",e))}function portableWalletsShowBuyerConsent(e){var t=document.getElementById(\"shopify-buyer-consent\"),n=document.getElementById(\"shopify-subscription-policy-button\");t&&n&&(t.classList.remove(\"hidden\"),t.removeAttribute(\"aria-hidden\"),n.addEventListener(\"click\",e))}window.Shopify?.PaymentButton&&(window.Shopify.PaymentButton.hideBuyerConsent=portableWalletsHideBuyerConsent,window.Shopify.PaymentButton.showBuyerConsent=portableWalletsShowBuyerConsent);\n</script>\n<script data-source-attribution=\"shopify.dynamic_checkout.cart.bootstrap\">document.addEventListener(\"DOMContentLoaded\",(function(){function t(){return document.querySelector(\"shopify-accelerated-checkout-cart, shopify-accelerated-checkout\")}if(t())Shopify.PaymentButton.init();else{new MutationObserver((function(e,n){t()&&(Shopify.PaymentButton.init(),n.disconnect())})).observe(document.body,{childList:!0,subtree:!0})}}));\n</script>\n<script id=\"sections-script\" data-sections=\"header,footer\" defer=\"defer\" src=\"//underlabz.com.br/cdn/shop/t/6/compiled_assets/scripts.js?2417\"></script>\n<script>window.performance && window.performance.mark && window.performance.mark('shopify.content_for_header.end');</script>",
            "tamanho": 8205,
            "possiveis_problemas": [
                "informacao_sensivel"
            ]
        },
        {
            "conteudo": "placeholder 3d339c3a286e5c15",
            "tamanho": 28,
            "possiveis_problemas": []
        },
        {
            "conteudo": "MS CLARITY CODE",
            "tamanho": 15,
            "possiveis_problemas": []
        },
        {
            "conteudo": "BEGIN app block: shopify://apps/gempages-builder/blocks/embed-gp-script-head/20b379d4-1b20-474c-a6ca-665c331919f3",
            "tamanho": 113,
            "possiveis_problemas": []
        },
        {
            "conteudo": "END app block",
            "tamanho": 13,
            "possiveis_problemas": []
        },
        {
            "conteudo": "BEGIN app block: shopify://apps/eg-auto-add-to-cart/blocks/app-embed/0f7d4f74-1e89-4820-aec4-6564d7e535d2",
            "tamanho": 105,
            "possiveis_problemas": []
        },
        {
            "conteudo": "END app block",
            "tamanho": 13,
            "possiveis_problemas": []
        },
        {
            "conteudo": "BEGIN app block: shopify://apps/seoant-ai-seo/blocks/seoant-core/8e57283b-dcb0-4f7b-a947-fb5c57a0d59d",
            "tamanho": 101,
            "possiveis_problemas": []
        },
        {
            "conteudo": "SEOAnt Core By SEOAnt Teams, v0.1.6 START",
            "tamanho": 41,
            "possiveis_problemas": []
        },
        {
            "conteudo": "SON-LD generated By SEOAnt END",
            "tamanho": 30,
            "possiveis_problemas": []
        },
        {
            "conteudo": "Start : SEOAnt BrokenLink Redirect",
            "tamanho": 34,
            "possiveis_problemas": []
        },
        {
            "conteudo": "END : SEOAnt BrokenLink Redirect",
            "tamanho": 32,
            "possiveis_problemas": []
        },
        {
            "conteudo": "Added By SEOAnt AMP. v0.0.1, START",
            "tamanho": 34,
            "possiveis_problemas": []
        },
        {
            "conteudo": "Added By SEOAnt AMP END",
            "tamanho": 23,
            "possiveis_problemas": []
        },
        {
            "conteudo": "Instant Page START",
            "tamanho": 18,
            "possiveis_problemas": []
        },
        {
            "conteudo": "Instant Page END",
            "tamanho": 16,
            "possiveis_problemas": []
        },
        {
            "conteudo": "Google search console START v1.0",
            "tamanho": 32,
            "possiveis_problemas": []
        },
        {
            "conteudo": "Google search console END v1.0",
            "tamanho": 30,
            "possiveis_problemas": []
        },
        {
            "conteudo": "Lazy Loading START",
            "tamanho": 18,
            "possiveis_problemas": []
        },
        {
            "conteudo": "Lazy Loading END",
            "tamanho": 16,
            "possiveis_problemas": []
        },
        {
            "conteudo": "Font Optimize START",
            "tamanho": 19,
            "possiveis_problemas": []
        },
        {
            "conteudo": "Font Optimize END",
            "tamanho": 17,
            "possiveis_problemas": []
        },
        {
            "conteudo": "Video Lazy START",
            "tamanho": 16,
            "possiveis_problemas": []
        },
        {
            "conteudo": "Video Lazy END",
            "tamanho": 14,
            "possiveis_problemas": []
        },
        {
            "conteudo": "SEOAnt Core End",
            "tamanho": 15,
            "possiveis_problemas": []
        },
        {
            "conteudo": "END app block",
            "tamanho": 13,
            "possiveis_problemas": []
        },
        {
            "conteudo": "BEGIN sections: header-group",
            "tamanho": 28,
            "possiveis_problemas": []
        },
        {
            "conteudo": "END sections: header-group",
            "tamanho": 26,
            "possiveis_problemas": []
        },
        {
            "conteudo": "BEGIN sections: overlay-group",
            "tamanho": 29,
            "possiveis_problemas": []
        },
        {
            "conteudo": "END sections: overlay-group",
            "tamanho": 27,
            "possiveis_problemas": []
        },
        {
            "conteudo": "BEGIN sections: footer-group",
            "tamanho": 28,
            "possiveis_problemas": []
        },
        {
            "conteudo": "END sections: footer-group",
            "tamanho": 26,
            "possiveis_problemas": []
        },
        {
            "conteudo": "START BEAE POPUP BUILDER",
            "tamanho": 24,
            "possiveis_problemas": []
        },
        {
            "conteudo": "END BEAE POPUP BUILDER",
            "tamanho": 22,
            "possiveis_problemas": []
        },
        {
            "conteudo": "Não remova. Checkout Yampi.",
            "tamanho": 27,
            "possiveis_problemas": []
        },
        {
            "conteudo": "Não remova. Checkout Yampi.",
            "tamanho": 27,
            "possiveis_problemas": []
        },
        {
            "conteudo": "Config and setup JS",
            "tamanho": 19,
            "possiveis_problemas": []
        },
        {
            "conteudo": "Critical CSS",
            "tamanho": 12,
            "possiveis_problemas": []
        },
        {
            "conteudo": "Failed to render app block \"15404810374585504564\": app block path \"shopify://apps/videeo-mobile-commerce/blocks/app-embed-sdk/acf9f8eb-c211-4324-a19b-9f362f43b225\" does not exist",
            "tamanho": 178,
            "possiveis_problemas": []
        }
    ],
    "tecnologias": {
        "frameworks": [],
        "bibliotecas": [
            "jQuery"
        ],
        "cms": null,
        "analytics": [],
        "cdn": [
            "Google APIs"
        ]
    },
    "metricas": {
        "tamanho_html": 691085,
        "total_elementos": 2548,
        "total_links": 185,
        "total_imagens": 81,
        "total_formularios": 9,
        "total_scripts": 90,
        "total_estilos": 67,
        "densidade_texto": 2.93
    },
    "resumo": {
        "tem_formularios": true,
        "formularios_post": 7,
        "scripts_inline": 42,
        "comentarios_suspeitos": 1,
        "densidade_texto": 2.93
    }
}