{
    "target_url": "https://www.underlabz.com.br",
    "hostname": "www.underlabz.com.br",
    "timestamp": "2025-07-27T01:03:42.665199",
    "headers": {
        "url": "https://www.underlabz.com.br",
        "timestamp": "2025-07-27T01:03:22.857781",
        "headers": {
            "Date": "Sun, 27 Jul 2025 04:03:24 GMT",
            "Content-Type": "text/html; charset=utf-8",
            "Transfer-Encoding": "chunked",
            "Connection": "keep-alive",
            "x-sorting-hat-podid": "244",
            "x-sorting-hat-shopid": "67076129013",
            "x-storefront-renderer-rendered": "1",
            "set-cookie": "localization=BR; path=/; expires=Mon, 27 Jul 2026 04:03:24 GMT; SameSite=Lax, cart_currency=; path=/; expires=Thu, 01 Jan 1970 00:00:00 GMT; SameSite=Lax, _shopify_y=7ce01c03-2e53-4d11-b228-33bec4557aa0; domain=underlabz.com.br; path=/; expires=Mon, 27 Jul 2026 10:03:24 GMT; SameSite=Lax, _shopify_s=25f66591-3a31-41f1-ac20-cbe936cf7fd8; domain=underlabz.com.br; path=/; expires=Sun, 27 Jul 2025 04:33:24 GMT; SameSite=Lax, _tracking_consent=3.AMPS_BRSP_f_f_LXTyhlmTQ9WysJ9QVOdJgQ; domain=underlabz.com.br; path=/; expires=Mon, 27 Jul 2026 04:03:24 GMT; SameSite=Lax, _orig_referrer=; domain=underlabz.com.br; path=/; expires=Sun, 10 Aug 2025 04:03:24 GMT; HttpOnly; SameSite=Lax, _landing_page=%2F; domain=underlabz.com.br; path=/; expires=Sun, 10 Aug 2025 04:03:24 GMT; HttpOnly; SameSite=Lax, _shopify_essential=:AZhKDLZYAAEA_C6ARds7t80HFBcNatLP5GrOYUj2pCDvqihh8mqenV3cN3YUVdkgJu0gcSV4gr2hSUMDr8AdmOP2P5Q_cfaoAg:; Max-Age=31536000; Path=/; HttpOnly; Secure; Priority=High; SameSite=Lax",
            "link": "<https://cdn.shopify.com>; rel=\"preconnect\", <https://cdn.shopify.com>; rel=\"preconnect\"; crossorigin, <//underlabz.com.br/cdn/shop/t/6/assets/gp-global.css?v=154233434707025980641744481353>; as=\"style\"; rel=\"preload\"",
            "etag": "W/\"cacheable:a446c3600ea9b0ffc2c123f44df9333a\"",
            "shopify-complexity-score": "3920",
            "x-frame-options": "DENY",
            "content-security-policy": "block-all-mixed-content; frame-ancestors 'none'; upgrade-insecure-requests;",
            "strict-transport-security": "max-age=7889238",
            "x-shopid": "67076129013",
            "x-shardid": "244",
            "vary": "Accept, accept-encoding",
            "content-language": "pt-BR",
            "powered-by": "Shopify",
            "server-timing": "processing;dur=397;desc=\"gc:42\", db;dur=90, render;dur=241, asn;desc=\"19182\", edge;desc=\"GRU\", country;desc=\"BR\", theme;desc=\"138819731701\", pageType;desc=\"index\", servedBy;desc=\"tx54\", requestID;desc=\"03bfad88-80cb-4320-9faa-fdb6ba979e85-1753589003\", _y;desc=\"7ce01c03-2e53-4d11-b228-33bec4557aa0\", _s;desc=\"25f66591-3a31-41f1-ac20-cbe936cf7fd8\", cfRequestDuration;dur=561.999798",
            "x-dc": "gcp-us-east1,gcp-us-east1,gcp-us-east1",
            "x-request-id": "03bfad88-80cb-4320-9faa-fdb6ba979e85-1753589003",
            "Alt-Svc": "h3=\":443\"; ma=86400",
            "cf-cache-status": "DYNAMIC",
            "Report-To": "{\"endpoints\":[{\"url\":\"https:\\/\\/a.nel.cloudflare.com\\/report\\/v4?s=1PrH8yNEzovstVCXUjwG0%2BMgmFI6LxtK5AcgoiUUpMyRW5uWSX2gbOtCqTs6CGhVmElyCOgQq2Ku%2FTbYNMGCbPYrEk7Vx597ARLUu9S13Thxo%2BSR0IFPySX4lnS3%2FsNC4GQ%3D\"}],\"group\":\"cf-nel\",\"max_age\":604800}",
            "NEL": "{\"success_fraction\":0.01,\"report_to\":\"cf-nel\",\"max_age\":604800}",
            "X-XSS-Protection": "1; mode=block",
            "X-Content-Type-Options": "nosniff",
            "X-Permitted-Cross-Domain-Policies": "none",
            "X-Download-Options": "noopen",
            "Shopify-Edge-Ip": "23.227.38.69",
            "Server": "cloudflare",
            "CF-RAY": "96593f298a9cd986-GRU",
            "Content-Encoding": "gzip"
        },
        "status_code": 200,
        "response_time": 1554.02,
        "erro": null,
        "url_final": "https://underlabz.com.br/",
        "redirects": 1
    },
    "tecnologias": {
        "servidor": null,
        "linguagem": null,
        "framework": null,
        "cdn": null,
        "waf": "Cloudflare",
        "cms": null
    },
    "portas_abertas": [
        80,
        443,
        8080,
        8443
    ],
    "certificado_ssl": {
        "tem_ssl": true,
        "emissor": null,
        "valido_ate": null,
        "algoritmo": null,
        "erro": "'tuple' object has no attribute 'get'"
    },
    "resumo": {
        "status_http": 200,
        "servidor": null,
        "tem_waf": true,
        "tem_ssl": true,
        "portas_encontradas": 4
    }
}