{
    "target_url": "https://www.underlabz.com.br",
    "timestamp": "2025-07-27T01:13:47.051815",
    "status_modulos": {
        "pre_recon": {
            "status": "✅",
            "arquivo": "pre_recon.json",
            "concluido": true
        },
        "headers_analysis": {
            "status": "✅",
            "arquivo": "headers_analysis.json",
            "concluido": true
        },
        "parser": {
            "status": "✅",
            "arquivo": "parser.json",
            "concluido": true
        },
        "injects": {
            "status": "✅",
            "arquivo": "injects.json",
            "concluido": true
        },
        "relatorio_final": {
            "status": "❌",
            "arquivo": "relatorio_final.json",
            "concluido": false
        }
    },
    "estatisticas": {
        "modulos_concluidos": 4,
        "modulos_com_erro": 0,
        "percentual_conclusao": 80.0
    }
}