{
    "target_url": "https://juice-shop.herokuapp.com",
    "timestamp": "2025-09-17T18:16:32.459087",
    "headers_raw": {
        "Accept-Ranges": "bytes",
        "Access-Control-Allow-Origin": "*",
        "Cache-Control": "public, max-age=0",
        "Content-Encoding": "gzip",
        "Content-Type": "text/html; charset=UTF-8",
        "Date": "Wed, 17 Sep 2025 21:16:24 GMT",
        "Etag": "W/\"124fa-199596ff8be\"",
        "Feature-Policy": "payment 'self'",
        "Last-Modified": "Wed, 17 Sep 2025 20:48:54 GMT",
        "Nel": "{\"report_to\":\"heroku-nel\",\"response_headers\":[\"Via\"],\"max_age\":3600,\"success_fraction\":0.01,\"failure_fraction\":0.1}",
        "Report-To": "{\"group\":\"heroku-nel\",\"endpoints\":[{\"url\":\"https://nel.heroku.com/reports?s=sRIxJCK8vQ%2Bfh%2BZRPN1fisi3NdohFZ%2F0%2FcSIp8pMpwI%3D\\u0026sid=812dcc77-0bd0-43b1-a5f1-b25750382959\\u0026ts=1758143784\"}],\"max_age\":3600}",
        "Reporting-Endpoints": "heroku-nel=\"https://nel.heroku.com/reports?s=sRIxJCK8vQ%2Bfh%2BZRPN1fisi3NdohFZ%2F0%2FcSIp8pMpwI%3D&sid=812dcc77-0bd0-43b1-a5f1-b25750382959&ts=1758143784\"",
        "Server": "Heroku",
        "Vary": "Accept-Encoding",
        "Via": "1.1 heroku-router",
        "X-Content-Type-Options": "nosniff",
        "X-Frame-Options": "SAMEORIGIN",
        "X-Recruiting": "/#/jobs",
        "Transfer-Encoding": "chunked"
    },
    "headers_seguranca": {
        "content-security-policy": {
            "presente": false,
            "valor": null,
            "nivel_seguranca": "baixo"
        },
        "strict-transport-security": {
            "presente": false,
            "valor": null,
            "max_age": null
        },
        "x-frame-options": {
            "presente": false,
            "valor": null,
            "protege_clickjacking": false
        },
        "x-content-type-options": {
            "presente": false,
            "valor": null,
            "protege_mime_sniffing": false
        },
        "x-xss-protection": {
            "presente": false,
            "valor": null,
            "ativo": false
        },
        "referrer-policy": {
            "presente": false,
            "valor": null
        }
    },
    "wafs_detectados": [
        "Cloudflare"
    ],
    "cookies": {
        "cookies_encontrados": [],
        "problemas_seguranca": []
    },
    "metodos_http": [
        {
            "metodo": "GET",
            "status_code": 200,
            "permitido": true
        },
        {
            "metodo": "POST",
            "status_code": 200,
            "permitido": true
        },
        {
            "metodo": "PUT",
            "status_code": 200,
            "permitido": true
        },
        {
            "metodo": "DELETE",
            "status_code": 200,
            "permitido": true
        },
        {
            "metodo": "PATCH",
            "status_code": 200,
            "permitido": true
        },
        {
            "metodo": "HEAD",
            "status_code": 200,
            "permitido": true
        },
        {
            "metodo": "OPTIONS",
            "status_code": 204,
            "permitido": true
        },
        {
            "metodo": "TRACE",
            "status_code": 200,
            "permitido": true
        }
    ],
    "score_seguranca": {
        "score": 0,
        "max_score": 6,
        "percentual": 0.0,
        "nivel": "Baixo"
    },
    "resumo": {
        "total_headers": 19,
        "tem_waf": true,
        "nivel_seguranca": "Baixo",
        "metodos_perigosos": [
            "PUT",
            "DELETE",
            "TRACE"
        ]
    }
}