{
    "target_url": "https://juice-shop.herokuapp.com",
    "timestamp": "2025-09-17T18:18:06.567450",
    "padroes_identificados": {
        "vulnerabilidades_comuns": [],
        "payloads_efetivos": [],
        "defesas_ativas": [
            {
                "tipo": "Cloudflare WAF",
                "frequencia": 1
            },
            {
                "tipo": "Rate Limiting",
                "frequencia": 1
            }
        ]
    },
    "recomendacoes": {
        "payloads_recomendados": {},
        "areas_foco": [],
        "estrategias_bypass": [
            "Implementar delays maiores entre requisições"
        ],
        "vulnerabilidades_recorrentes": []
    },
    "historico_vulnerabilidades": [],
    "historico_defesas": [
        {
            "tipo": "Cloudflare WAF",
            "nome": "Cloudflare",
            "confianca": 0.9,
            "primeira_deteccao": "2025-09-17 21:18:06",
            "ultima_deteccao": "2025-09-17 21:18:06",
            "ativo": true
        },
        {
            "tipo": "Rate Limiting",
            "nome": "Rate Limiting (Soft)",
            "confianca": 0.7,
            "primeira_deteccao": "2025-09-17 21:18:06",
            "ultima_deteccao": "2025-09-17 21:18:06",
            "ativo": true
        }
    ],
    "estatisticas_gerais": {
        "total_targets": 2,
        "total_vulnerabilities": 0,
        "vulnerabilities_by_severity": {},
        "top_payload_types": [],
        "common_defenses": [
            {
                "tipo": "Cloudflare WAF",
                "frequencia": 2
            },
            {
                "tipo": "Rate Limiting",
                "frequencia": 1
            },
            {
                "tipo": "CAPTCHA",
                "frequencia": 1
            }
        ]
    },
    "resumo": {
        "total_vulnerabilidades_historicas": 0,
        "total_defesas_ativas": 2,
        "tipos_payload_efetivos": 0,
        "areas_foco_identificadas": 0
    }
}