{
    "target_url": "https://juice-shop.herokuapp.com",
    "hostname": "juice-shop.herokuapp.com",
    "timestamp": "2025-09-17T18:16:23.341197",
    "headers": {
        "url": "https://juice-shop.herokuapp.com",
        "timestamp": "2025-09-17T18:15:58.939600",
        "headers": {
            "Accept-Ranges": "bytes",
            "Access-Control-Allow-Origin": "*",
            "Cache-Control": "public, max-age=0",
            "Content-Encoding": "gzip",
            "Content-Type": "text/html; charset=UTF-8",
            "Date": "Wed, 17 Sep 2025 21:15:59 GMT",
            "Etag": "W/\"124fa-199596ff8be\"",
            "Feature-Policy": "payment 'self'",
            "Last-Modified": "Wed, 17 Sep 2025 20:48:54 GMT",
            "Nel": "{\"report_to\":\"heroku-nel\",\"response_headers\":[\"Via\"],\"max_age\":3600,\"success_fraction\":0.01,\"failure_fraction\":0.1}",
            "Report-To": "{\"group\":\"heroku-nel\",\"endpoints\":[{\"url\":\"https://nel.heroku.com/reports?s=PfVT4kDRi719sUOlvIH773RL8OK7CraiYRc%2Fni21u%2FU%3D\\u0026sid=812dcc77-0bd0-43b1-a5f1-b25750382959\\u0026ts=1758143759\"}],\"max_age\":3600}",
            "Reporting-Endpoints": "heroku-nel=\"https://nel.heroku.com/reports?s=PfVT4kDRi719sUOlvIH773RL8OK7CraiYRc%2Fni21u%2FU%3D&sid=812dcc77-0bd0-43b1-a5f1-b25750382959&ts=1758143759\"",
            "Server": "Heroku",
            "Vary": "Accept-Encoding",
            "Via": "1.1 heroku-router",
            "X-Content-Type-Options": "nosniff",
            "X-Frame-Options": "SAMEORIGIN",
            "X-Recruiting": "/#/jobs",
            "Transfer-Encoding": "chunked"
        },
        "status_code": 200,
        "response_time": 1065.03,
        "erro": null,
        "url_final": "https://juice-shop.herokuapp.com/",
        "redirects": 0
    },
    "tecnologias": {
        "servidor": null,
        "linguagem": null,
        "framework": null,
        "cdn": null,
        "waf": null,
        "cms": null
    },
    "portas_abertas": [
        80,
        443
    ],
    "certificado_ssl": {
        "tem_ssl": true,
        "emissor": null,
        "valido_ate": null,
        "algoritmo": null,
        "erro": "'tuple' object has no attribute 'get'"
    },
    "resumo": {
        "status_http": 200,
        "servidor": null,
        "tem_waf": false,
        "tem_ssl": true,
        "portas_encontradas": 2
    }
}