{
    "metadata": {
        "versao_relatorio": "1.0",
        "gerado_por": "AEGIS Bug Hunter",
        "timestamp": "2025-09-17T18:18:06.570694",
        "target": "https://juice-shop.herokuapp.com",
        "hash_relatorio": "5adf592febd675ec"
    },
    "resumo_executivo": {
        "alvo": "https://juice-shop.herokuapp.com",
        "data_analise": "17/09/2025 18:18:06",
        "status_geral": "CONCLUÍDO",
        "nivel_risco": "BAIXO",
        "vulnerabilidades_criticas": 0,
        "vulnerabilidades_altas": 0,
        "vulnerabilidades_medias": 0,
        "vulnerabilidades_baixas": 0,
        "total_vulnerabilidades": 0,
        "recomendacoes_prioritarias": [
            "Implementar headers de segurança HTTP"
        ]
    },
    "detalhes_tecnicos": {
        "infraestrutura": {
            "servidor": null,
            "ssl_habilitado": true,
            "portas_abertas": 2,
            "waf_detectado": false
        },
        "tecnologias": {
            "frameworks": [],
            "bibliotecas": [
                "jQuery"
            ],
            "cms": null,
            "analytics": [],
            "cdn": [
                "Cloudflare CDN"
            ]
        },
        "seguranca": {
            "score_headers": {
                "score": 0,
                "max_score": 6,
                "percentual": 0.0,
                "nivel": "Baixo"
            },
            "wafs_detectados": [
                "Cloudflare"
            ],
            "headers_seguranca": {
                "content-security-policy": {
                    "presente": false,
                    "valor": null,
                    "nivel_seguranca": "baixo"
                },
                "strict-transport-security": {
                    "presente": false,
                    "valor": null,
                    "max_age": null
                },
                "x-frame-options": {
                    "presente": false,
                    "valor": null,
                    "protege_clickjacking": false
                },
                "x-content-type-options": {
                    "presente": false,
                    "valor": null,
                    "protege_mime_sniffing": false
                },
                "x-xss-protection": {
                    "presente": false,
                    "valor": null,
                    "ativo": false
                },
                "referrer-policy": {
                    "presente": false,
                    "valor": null
                }
            },
            "metodos_http_perigosos": [
                "PUT",
                "DELETE",
                "TRACE"
            ]
        },
        "vulnerabilidades_detalhadas": []
    },
    "dados_brutos": {
        "pre_recon": {
            "target_url": "https://juice-shop.herokuapp.com",
            "hostname": "juice-shop.herokuapp.com",
            "timestamp": "2025-09-17T18:16:23.341197",
            "headers": {
                "url": "https://juice-shop.herokuapp.com",
                "timestamp": "2025-09-17T18:15:58.939600",
                "headers": {
                    "Accept-Ranges": "bytes",
                    "Access-Control-Allow-Origin": "*",
                    "Cache-Control": "public, max-age=0",
                    "Content-Encoding": "gzip",
                    "Content-Type": "text/html; charset=UTF-8",
                    "Date": "Wed, 17 Sep 2025 21:15:59 GMT",
                    "Etag": "W/\"124fa-199596ff8be\"",
                    "Feature-Policy": "payment 'self'",
                    "Last-Modified": "Wed, 17 Sep 2025 20:48:54 GMT",
                    "Nel": "{\"report_to\":\"heroku-nel\",\"response_headers\":[\"Via\"],\"max_age\":3600,\"success_fraction\":0.01,\"failure_fraction\":0.1}",
                    "Report-To": "{\"group\":\"heroku-nel\",\"endpoints\":[{\"url\":\"https://nel.heroku.com/reports?s=PfVT4kDRi719sUOlvIH773RL8OK7CraiYRc%2Fni21u%2FU%3D\\u0026sid=812dcc77-0bd0-43b1-a5f1-b25750382959\\u0026ts=1758143759\"}],\"max_age\":3600}",
                    "Reporting-Endpoints": "heroku-nel=\"https://nel.heroku.com/reports?s=PfVT4kDRi719sUOlvIH773RL8OK7CraiYRc%2Fni21u%2FU%3D&sid=812dcc77-0bd0-43b1-a5f1-b25750382959&ts=1758143759\"",
                    "Server": "Heroku",
                    "Vary": "Accept-Encoding",
                    "Via": "1.1 heroku-router",
                    "X-Content-Type-Options": "nosniff",
                    "X-Frame-Options": "SAMEORIGIN",
                    "X-Recruiting": "/#/jobs",
                    "Transfer-Encoding": "chunked"
                },
                "status_code": 200,
                "response_time": 1065.03,
                "erro": null,
                "url_final": "https://juice-shop.herokuapp.com/",
                "redirects": 0
            },
            "tecnologias": {
                "servidor": null,
                "linguagem": null,
                "framework": null,
                "cdn": null,
                "waf": null,
                "cms": null
            },
            "portas_abertas": [
                80,
                443
            ],
            "certificado_ssl": {
                "tem_ssl": true,
                "emissor": null,
                "valido_ate": null,
                "algoritmo": null,
                "erro": "'tuple' object has no attribute 'get'"
            },
            "resumo": {
                "status_http": 200,
                "servidor": null,
                "tem_waf": false,
                "tem_ssl": true,
                "portas_encontradas": 2
            }
        },
        "headers_analysis": {
            "target_url": "https://juice-shop.herokuapp.com",
            "timestamp": "2025-09-17T18:16:32.459087",
            "headers_raw": {
                "Accept-Ranges": "bytes",
                "Access-Control-Allow-Origin": "*",
                "Cache-Control": "public, max-age=0",
                "Content-Encoding": "gzip",
                "Content-Type": "text/html; charset=UTF-8",
                "Date": "Wed, 17 Sep 2025 21:16:24 GMT",
                "Etag": "W/\"124fa-199596ff8be\"",
                "Feature-Policy": "payment 'self'",
                "Last-Modified": "Wed, 17 Sep 2025 20:48:54 GMT",
                "Nel": "{\"report_to\":\"heroku-nel\",\"response_headers\":[\"Via\"],\"max_age\":3600,\"success_fraction\":0.01,\"failure_fraction\":0.1}",
                "Report-To": "{\"group\":\"heroku-nel\",\"endpoints\":[{\"url\":\"https://nel.heroku.com/reports?s=sRIxJCK8vQ%2Bfh%2BZRPN1fisi3NdohFZ%2F0%2FcSIp8pMpwI%3D\\u0026sid=812dcc77-0bd0-43b1-a5f1-b25750382959\\u0026ts=1758143784\"}],\"max_age\":3600}",
                "Reporting-Endpoints": "heroku-nel=\"https://nel.heroku.com/reports?s=sRIxJCK8vQ%2Bfh%2BZRPN1fisi3NdohFZ%2F0%2FcSIp8pMpwI%3D&sid=812dcc77-0bd0-43b1-a5f1-b25750382959&ts=1758143784\"",
                "Server": "Heroku",
                "Vary": "Accept-Encoding",
                "Via": "1.1 heroku-router",
                "X-Content-Type-Options": "nosniff",
                "X-Frame-Options": "SAMEORIGIN",
                "X-Recruiting": "/#/jobs",
                "Transfer-Encoding": "chunked"
            },
            "headers_seguranca": {
                "content-security-policy": {
                    "presente": false,
                    "valor": null,
                    "nivel_seguranca": "baixo"
                },
                "strict-transport-security": {
                    "presente": false,
                    "valor": null,
                    "max_age": null
                },
                "x-frame-options": {
                    "presente": false,
                    "valor": null,
                    "protege_clickjacking": false
                },
                "x-content-type-options": {
                    "presente": false,
                    "valor": null,
                    "protege_mime_sniffing": false
                },
                "x-xss-protection": {
                    "presente": false,
                    "valor": null,
                    "ativo": false
                },
                "referrer-policy": {
                    "presente": false,
                    "valor": null
                }
            },
            "wafs_detectados": [
                "Cloudflare"
            ],
            "cookies": {
                "cookies_encontrados": [],
                "problemas_seguranca": []
            },
            "metodos_http": [
                {
                    "metodo": "GET",
                    "status_code": 200,
                    "permitido": true
                },
                {
                    "metodo": "POST",
                    "status_code": 200,
                    "permitido": true
                },
                {
                    "metodo": "PUT",
                    "status_code": 200,
                    "permitido": true
                },
                {
                    "metodo": "DELETE",
                    "status_code": 200,
                    "permitido": true
                },
                {
                    "metodo": "PATCH",
                    "status_code": 200,
                    "permitido": true
                },
                {
                    "metodo": "HEAD",
                    "status_code": 200,
                    "permitido": true
                },
                {
                    "metodo": "OPTIONS",
                    "status_code": 204,
                    "permitido": true
                },
                {
                    "metodo": "TRACE",
                    "status_code": 200,
                    "permitido": true
                }
            ],
            "score_seguranca": {
                "score": 0,
                "max_score": 6,
                "percentual": 0.0,
                "nivel": "Baixo"
            },
            "resumo": {
                "total_headers": 19,
                "tem_waf": true,
                "nivel_seguranca": "Baixo",
                "metodos_perigosos": [
                    "PUT",
                    "DELETE",
                    "TRACE"
                ]
            }
        },
        "parser": {
            "target_url": "https://juice-shop.herokuapp.com",
            "timestamp": "2025-09-17T18:16:33.485771",
            "title": "OWASP Juice Shop",
            "metas": {
                "charset": "utf-8",
                "description": "Probably the most modern and sophisticated insecure web application",
                "viewport": "width=device-width, initial-scale=1"
            },
            "formularios": [],
            "links": {
                "total": 0,
                "internos": 0,
                "externos": 0,
                "lista": []
            },
            "scripts": [
                {
                    "src": "//cdnjs.cloudflare.com/ajax/libs/cookieconsent2/3.1.0/cookieconsent.min.js",
                    "type": "text/javascript",
                    "async": false,
                    "defer": false,
                    "inline": false,
                    "conteudo_tamanho": 0
                },
                {
                    "src": "//cdnjs.cloudflare.com/ajax/libs/jquery/2.2.4/jquery.min.js",
                    "type": "text/javascript",
                    "async": false,
                    "defer": false,
                    "inline": false,
                    "conteudo_tamanho": 0
                },
                {
                    "src": "",
                    "type": "text/javascript",
                    "async": false,
                    "defer": false,
                    "inline": true,
                    "conteudo_tamanho": 603,
                    "possiveis_vulnerabilidades": []
                },
                {
                    "src": "runtime.js",
                    "type": "module",
                    "async": false,
                    "defer": false,
                    "inline": false,
                    "conteudo_tamanho": 0
                },
                {
                    "src": "polyfills.js",
                    "type": "module",
                    "async": false,
                    "defer": false,
                    "inline": false,
                    "conteudo_tamanho": 0
                },
                {
                    "src": "vendor.js",
                    "type": "module",
                    "async": false,
                    "defer": false,
                    "inline": false,
                    "conteudo_tamanho": 0
                },
                {
                    "src": "main.js",
                    "type": "module",
                    "async": false,
                    "defer": false,
                    "inline": false,
                    "conteudo_tamanho": 0
                }
            ],
            "comentarios": [
                {
                    "conteudo": "~ Copyright (c) 2014-2025 Bjoern Kimminich & the OWASP Juice Shop contributors.\n  ~ SPDX-License-Identifier: MIT",
                    "tamanho": 112,
                    "possiveis_problemas": []
                }
            ],
            "tecnologias": {
                "frameworks": [],
                "bibliotecas": [
                    "jQuery"
                ],
                "cms": null,
                "analytics": [],
                "cdn": [
                    "Cloudflare CDN"
                ]
            },
            "metricas": {
                "tamanho_html": 75002,
                "total_elementos": 21,
                "total_links": 0,
                "total_imagens": 0,
                "total_formularios": 0,
                "total_scripts": 7,
                "total_estilos": 3,
                "densidade_texto": 0.05
            },
            "resumo": {
                "tem_formularios": false,
                "formularios_post": 0,
                "scripts_inline": 1,
                "comentarios_suspeitos": 0,
                "densidade_texto": 0.05
            }
        },
        "injects": {
            "target_url": "https://juice-shop.herokuapp.com",
            "timestamp": "2025-09-17T18:16:33.487278",
            "vulnerabilidades_encontradas": [],
            "total_testes": 0,
            "total_vulnerabilidades": 0,
            "tipos_encontrados": []
        }
    },
    "estatisticas": {
        "total_modulos_executados": 4,
        "total_testes_realizados": 0,
        "tempo_total_analise": "N/A"
    }
}