{
    "target_url": "https://juice-shop.herokuapp.com",
    "timestamp": "2025-07-27T01:36:05.763942",
    "headers_raw": {
        "Cache-Control": "no-cache, no-store",
        "Content-Type": "text/html; charset=utf-8",
        "Nel": "{\"report_to\":\"heroku-nel\",\"response_headers\":[\"Via\"],\"max_age\":3600,\"success_fraction\":0.01,\"failure_fraction\":0.1}",
        "Report-To": "{\"group\":\"heroku-nel\",\"endpoints\":[{\"url\":\"https://nel.heroku.com/reports?s=7CztNRmYQPeCHIjva64BXUkmkQU0mzYLgnE%2BseQZ7IM%3D\\u0026sid=812dcc77-0bd0-43b1-a5f1-b25750382959\\u0026ts=1753590933\"}],\"max_age\":3600}",
        "Reporting-Endpoints": "heroku-nel=\"https://nel.heroku.com/reports?s=7CztNRmYQPeCHIjva64BXUkmkQU0mzYLgnE%2BseQZ7IM%3D&sid=812dcc77-0bd0-43b1-a5f1-b25750382959&ts=1753590933\"",
        "Server": "Heroku",
        "Via": "1.1 heroku-router",
        "Date": "Sun, 27 Jul 2025 04:35:41 GMT",
        "Content-Length": "567"
    },
    "headers_seguranca": {
        "content-security-policy": {
            "presente": false,
            "valor": null,
            "nivel_seguranca": "baixo"
        },
        "strict-transport-security": {
            "presente": false,
            "valor": null,
            "max_age": null
        },
        "x-frame-options": {
            "presente": false,
            "valor": null,
            "protege_clickjacking": false
        },
        "x-content-type-options": {
            "presente": false,
            "valor": null,
            "protege_mime_sniffing": false
        },
        "x-xss-protection": {
            "presente": false,
            "valor": null,
            "ativo": false
        },
        "referrer-policy": {
            "presente": false,
            "valor": null
        }
    },
    "wafs_detectados": [],
    "cookies": {
        "cookies_encontrados": [],
        "problemas_seguranca": []
    },
    "metodos_http": [
        {
            "metodo": "GET",
            "status_code": null,
            "permitido": false
        },
        {
            "metodo": "POST",
            "status_code": null,
            "permitido": false
        },
        {
            "metodo": "PUT",
            "status_code": null,
            "permitido": false
        },
        {
            "metodo": "DELETE",
            "status_code": 200,
            "permitido": true
        },
        {
            "metodo": "PATCH",
            "status_code": 200,
            "permitido": true
        },
        {
            "metodo": "HEAD",
            "status_code": 200,
            "permitido": true
        },
        {
            "metodo": "OPTIONS",
            "status_code": 204,
            "permitido": true
        },
        {
            "metodo": "TRACE",
            "status_code": 200,
            "permitido": true
        }
    ],
    "score_seguranca": {
        "score": 0,
        "max_score": 6,
        "percentual": 0.0,
        "nivel": "Baixo"
    },
    "resumo": {
        "total_headers": 9,
        "tem_waf": false,
        "nivel_seguranca": "Baixo",
        "metodos_perigosos": [
            "DELETE",
            "TRACE"
        ]
    }
}