{
    "target_url": "https://juice-shop.herokuapp.com",
    "timestamp": "2025-07-27T01:40:40.831064",
    "padroes_identificados": {
        "vulnerabilidades_comuns": [],
        "payloads_efetivos": [],
        "defesas_ativas": []
    },
    "recomendacoes": {
        "payloads_recomendados": {},
        "areas_foco": [],
        "estrategias_bypass": [],
        "vulnerabilidades_recorrentes": []
    },
    "historico_vulnerabilidades": [],
    "historico_defesas": [],
    "estatisticas_gerais": {
        "total_targets": 2,
        "total_vulnerabilities": 0,
        "vulnerabilities_by_severity": {},
        "top_payload_types": [],
        "common_defenses": [
            {
                "tipo": "Cloudflare WAF",
                "frequencia": 1
            },
            {
                "tipo": "CAPTCHA",
                "frequencia": 1
            }
        ]
    },
    "resumo": {
        "total_vulnerabilidades_historicas": 0,
        "total_defesas_ativas": 0,
        "tipos_payload_efetivos": 0,
        "areas_foco_identificadas": 0
    }
}