{
    "target_url": "https://juice-shop.herokuapp.com",
    "timestamp": "2025-07-27T01:36:06.709338",
    "title": "OWASP Juice Shop",
    "metas": {
        "charset": "utf-8",
        "description": "Probably the most modern and sophisticated insecure web application",
        "viewport": "width=device-width, initial-scale=1"
    },
    "formularios": [],
    "links": {
        "total": 0,
        "internos": 0,
        "externos": 0,
        "lista": []
    },
    "scripts": [
        {
            "src": "//cdnjs.cloudflare.com/ajax/libs/cookieconsent2/3.1.0/cookieconsent.min.js",
            "type": "text/javascript",
            "async": false,
            "defer": false,
            "inline": false,
            "conteudo_tamanho": 0
        },
        {
            "src": "//cdnjs.cloudflare.com/ajax/libs/jquery/2.2.4/jquery.min.js",
            "type": "text/javascript",
            "async": false,
            "defer": false,
            "inline": false,
            "conteudo_tamanho": 0
        },
        {
            "src": "",
            "type": "text/javascript",
            "async": false,
            "defer": false,
            "inline": true,
            "conteudo_tamanho": 603,
            "possiveis_vulnerabilidades": []
        },
        {
            "src": "runtime.js",
            "type": "module",
            "async": false,
            "defer": false,
            "inline": false,
            "conteudo_tamanho": 0
        },
        {
            "src": "polyfills.js",
            "type": "module",
            "async": false,
            "defer": false,
            "inline": false,
            "conteudo_tamanho": 0
        },
        {
            "src": "vendor.js",
            "type": "module",
            "async": false,
            "defer": false,
            "inline": false,
            "conteudo_tamanho": 0
        },
        {
            "src": "main.js",
            "type": "module",
            "async": false,
            "defer": false,
            "inline": false,
            "conteudo_tamanho": 0
        }
    ],
    "comentarios": [
        {
            "conteudo": "~ Copyright (c) 2014-2025 Bjoern Kimminich & the OWASP Juice Shop contributors.\n  ~ SPDX-License-Identifier: MIT",
            "tamanho": 112,
            "possiveis_problemas": []
        }
    ],
    "tecnologias": {
        "frameworks": [],
        "bibliotecas": [
            "jQuery"
        ],
        "cms": null,
        "analytics": [],
        "cdn": [
            "Cloudflare CDN"
        ]
    },
    "metricas": {
        "tamanho_html": 80117,
        "total_elementos": 21,
        "total_links": 0,
        "total_imagens": 0,
        "total_formularios": 0,
        "total_scripts": 7,
        "total_estilos": 3,
        "densidade_texto": 0.04
    },
    "resumo": {
        "tem_formularios": false,
        "formularios_post": 0,
        "scripts_inline": 1,
        "comentarios_suspeitos": 0,
        "densidade_texto": 0.04
    }
}