{
    "target_url": "https://juice-shop.herokuapp.com",
    "hostname": "juice-shop.herokuapp.com",
    "timestamp": "2025-07-27T01:35:32.696465",
    "headers": {
        "url": "https://juice-shop.herokuapp.com",
        "timestamp": "2025-07-27T01:34:58.977917",
        "headers": {},
        "status_code": null,
        "response_time": null,
        "erro": "Timeout na requisição"
    },
    "tecnologias": {},
    "portas_abertas": [
        80,
        443
    ],
    "certificado_ssl": {
        "tem_ssl": true,
        "emissor": null,
        "valido_ate": null,
        "algoritmo": null,
        "erro": "'tuple' object has no attribute 'get'"
    },
    "resumo": {
        "status_http": null,
        "servidor": "Desconhecido",
        "tem_waf": false,
        "tem_ssl": true,
        "portas_encontradas": 2
    }
}